date,category,category_label,value
2000-01-04,D0,D0 Abnormally dry,23.1
2000-01-11,D0,D0 Abnormally dry,30.8
2000-01-18,D0,D0 Abnormally dry,34.99
2000-01-25,D0,D0 Abnormally dry,36.58
2000-02-01,D0,D0 Abnormally dry,30.11
2000-02-08,D0,D0 Abnormally dry,28.85
2000-02-15,D0,D0 Abnormally dry,26.06
2000-02-22,D0,D0 Abnormally dry,21.67
2000-02-29,D0,D0 Abnormally dry,18.37
2000-03-07,D0,D0 Abnormally dry,18.3
2000-03-14,D0,D0 Abnormally dry,14.96
2000-03-21,D0,D0 Abnormally dry,15.25
2000-03-28,D0,D0 Abnormally dry,15.76
2000-04-04,D0,D0 Abnormally dry,19.15
2000-04-11,D0,D0 Abnormally dry,15.65
2000-04-18,D0,D0 Abnormally dry,17.01
2000-04-25,D0,D0 Abnormally dry,16.38
2000-05-02,D0,D0 Abnormally dry,15.81
2000-05-09,D0,D0 Abnormally dry,16.37
2000-05-16,D0,D0 Abnormally dry,15.98
2000-05-23,D0,D0 Abnormally dry,15.38
2000-05-30,D0,D0 Abnormally dry,11.53
2000-06-06,D0,D0 Abnormally dry,13.42
2000-06-13,D0,D0 Abnormally dry,17.27
2000-06-20,D0,D0 Abnormally dry,16.62
2000-06-27,D0,D0 Abnormally dry,18.93
2000-07-04,D0,D0 Abnormally dry,27.23
2000-07-11,D0,D0 Abnormally dry,26.58
2000-07-18,D0,D0 Abnormally dry,25.48
2000-07-25,D0,D0 Abnormally dry,23.95
2000-08-01,D0,D0 Abnormally dry,21.38
2000-08-08,D0,D0 Abnormally dry,22.28
2000-08-15,D0,D0 Abnormally dry,20.19
2000-08-22,D0,D0 Abnormally dry,17.56
2000-08-29,D0,D0 Abnormally dry,20.13
2000-09-05,D0,D0 Abnormally dry,18.88
2000-09-12,D0,D0 Abnormally dry,14.86
2000-09-19,D0,D0 Abnormally dry,15.54
2000-09-26,D0,D0 Abnormally dry,16.33
2000-10-03,D0,D0 Abnormally dry,16.33
2000-10-10,D0,D0 Abnormally dry,15.48
2000-10-17,D0,D0 Abnormally dry,15.79
2000-10-24,D0,D0 Abnormally dry,20.93
2000-10-31,D0,D0 Abnormally dry,20.97
2000-11-07,D0,D0 Abnormally dry,21.26
2000-11-14,D0,D0 Abnormally dry,15.08
2000-11-21,D0,D0 Abnormally dry,15.15
2000-11-28,D0,D0 Abnormally dry,16.2
2000-12-05,D0,D0 Abnormally dry,14.37
2000-12-12,D0,D0 Abnormally dry,13.53
2000-12-19,D0,D0 Abnormally dry,11.79
2000-12-26,D0,D0 Abnormally dry,11.22
2001-01-02,D0,D0 Abnormally dry,12.82
2001-01-09,D0,D0 Abnormally dry,14.69
2001-01-16,D0,D0 Abnormally dry,13.22
2001-01-23,D0,D0 Abnormally dry,25.62
2001-01-30,D0,D0 Abnormally dry,22.74
2001-02-06,D0,D0 Abnormally dry,22.26
2001-02-13,D0,D0 Abnormally dry,12.58
2001-02-20,D0,D0 Abnormally dry,10.69
2001-02-27,D0,D0 Abnormally dry,11
2001-03-06,D0,D0 Abnormally dry,10.07
2001-03-13,D0,D0 Abnormally dry,10.85
2001-03-20,D0,D0 Abnormally dry,10.57
2001-03-27,D0,D0 Abnormally dry,13.79
2001-04-03,D0,D0 Abnormally dry,14.69
2001-04-10,D0,D0 Abnormally dry,11.96
2001-04-17,D0,D0 Abnormally dry,11.45
2001-04-24,D0,D0 Abnormally dry,10.93
2001-05-01,D0,D0 Abnormally dry,10.02
2001-05-08,D0,D0 Abnormally dry,15.85
2001-05-15,D0,D0 Abnormally dry,13.95
2001-05-22,D0,D0 Abnormally dry,11.99
2001-05-29,D0,D0 Abnormally dry,12.31
2001-06-05,D0,D0 Abnormally dry,10.63
2001-06-12,D0,D0 Abnormally dry,10.37
2001-06-19,D0,D0 Abnormally dry,15.37
2001-06-26,D0,D0 Abnormally dry,16.13
2001-07-03,D0,D0 Abnormally dry,17.79
2001-07-10,D0,D0 Abnormally dry,14.52
2001-07-17,D0,D0 Abnormally dry,19.46
2001-07-24,D0,D0 Abnormally dry,21.45
2001-07-31,D0,D0 Abnormally dry,18.25
2001-08-07,D0,D0 Abnormally dry,17.06
2001-08-14,D0,D0 Abnormally dry,15.07
2001-08-21,D0,D0 Abnormally dry,12.59
2001-08-28,D0,D0 Abnormally dry,14.31
2001-09-04,D0,D0 Abnormally dry,18.19
2001-09-11,D0,D0 Abnormally dry,17.41
2001-09-18,D0,D0 Abnormally dry,15.76
2001-09-25,D0,D0 Abnormally dry,12.87
2001-10-02,D0,D0 Abnormally dry,13.37
2001-10-09,D0,D0 Abnormally dry,15.3
2001-10-16,D0,D0 Abnormally dry,14.72
2001-10-23,D0,D0 Abnormally dry,17.2
2001-10-30,D0,D0 Abnormally dry,16.5
2001-11-06,D0,D0 Abnormally dry,17.38
2001-11-13,D0,D0 Abnormally dry,18.52
2001-11-20,D0,D0 Abnormally dry,18.31
2001-11-27,D0,D0 Abnormally dry,15.46
2001-12-04,D0,D0 Abnormally dry,14.44
2001-12-11,D0,D0 Abnormally dry,14.43
2001-12-18,D0,D0 Abnormally dry,13.64
2001-12-25,D0,D0 Abnormally dry,14.22
2002-01-01,D0,D0 Abnormally dry,14.09
2002-01-08,D0,D0 Abnormally dry,16.53
2002-01-15,D0,D0 Abnormally dry,18.94
2002-01-22,D0,D0 Abnormally dry,19.64
2002-01-29,D0,D0 Abnormally dry,20.83
2002-02-05,D0,D0 Abnormally dry,21.36
2002-02-12,D0,D0 Abnormally dry,20.78
2002-02-19,D0,D0 Abnormally dry,21.14
2002-02-26,D0,D0 Abnormally dry,23.12
2002-03-05,D0,D0 Abnormally dry,22.62
2002-03-12,D0,D0 Abnormally dry,22.1
2002-03-19,D0,D0 Abnormally dry,23.37
2002-03-26,D0,D0 Abnormally dry,22.83
2002-04-02,D0,D0 Abnormally dry,21.36
2002-04-09,D0,D0 Abnormally dry,19.14
2002-04-16,D0,D0 Abnormally dry,17.99
2002-04-23,D0,D0 Abnormally dry,18.82
2002-04-30,D0,D0 Abnormally dry,18
2002-05-07,D0,D0 Abnormally dry,19
2002-05-14,D0,D0 Abnormally dry,14.84
2002-05-21,D0,D0 Abnormally dry,15.37
2002-05-28,D0,D0 Abnormally dry,15.99
2002-06-04,D0,D0 Abnormally dry,22.78
2002-06-11,D0,D0 Abnormally dry,21.3
2002-06-18,D0,D0 Abnormally dry,18.07
2002-06-25,D0,D0 Abnormally dry,18.37
2002-07-02,D0,D0 Abnormally dry,18.85
2002-07-09,D0,D0 Abnormally dry,19.7
2002-07-16,D0,D0 Abnormally dry,19.44
2002-07-23,D0,D0 Abnormally dry,22.07
2002-07-30,D0,D0 Abnormally dry,23.72
2002-08-06,D0,D0 Abnormally dry,24.04
2002-08-13,D0,D0 Abnormally dry,23.42
2002-08-20,D0,D0 Abnormally dry,19.89
2002-08-27,D0,D0 Abnormally dry,17.85
2002-09-03,D0,D0 Abnormally dry,19.2
2002-09-10,D0,D0 Abnormally dry,13.74
2002-09-17,D0,D0 Abnormally dry,14.98
2002-09-24,D0,D0 Abnormally dry,12.86
2002-10-01,D0,D0 Abnormally dry,18.67
2002-10-08,D0,D0 Abnormally dry,17.59
2002-10-15,D0,D0 Abnormally dry,14.96
2002-10-22,D0,D0 Abnormally dry,13.56
2002-10-29,D0,D0 Abnormally dry,11.86
2002-11-05,D0,D0 Abnormally dry,10.63
2002-11-12,D0,D0 Abnormally dry,13.65
2002-11-19,D0,D0 Abnormally dry,14.31
2002-11-26,D0,D0 Abnormally dry,14.4
2002-12-03,D0,D0 Abnormally dry,14.2
2002-12-10,D0,D0 Abnormally dry,14.81
2002-12-17,D0,D0 Abnormally dry,12.8
2002-12-24,D0,D0 Abnormally dry,12.21
2002-12-31,D0,D0 Abnormally dry,11.66
2003-01-07,D0,D0 Abnormally dry,12.79
2003-01-14,D0,D0 Abnormally dry,11.73
2003-01-21,D0,D0 Abnormally dry,13.35
2003-01-28,D0,D0 Abnormally dry,14.17
2003-02-04,D0,D0 Abnormally dry,14.95
2003-02-11,D0,D0 Abnormally dry,15.36
2003-02-18,D0,D0 Abnormally dry,14.84
2003-02-25,D0,D0 Abnormally dry,16.03
2003-03-04,D0,D0 Abnormally dry,15.33
2003-03-11,D0,D0 Abnormally dry,17.09
2003-03-18,D0,D0 Abnormally dry,16.3
2003-03-25,D0,D0 Abnormally dry,15.49
2003-04-01,D0,D0 Abnormally dry,18.02
2003-04-08,D0,D0 Abnormally dry,17.41
2003-04-15,D0,D0 Abnormally dry,18.47
2003-04-22,D0,D0 Abnormally dry,17.45
2003-04-29,D0,D0 Abnormally dry,21.07
2003-05-06,D0,D0 Abnormally dry,18.4
2003-05-13,D0,D0 Abnormally dry,14.88
2003-05-20,D0,D0 Abnormally dry,13.16
2003-05-27,D0,D0 Abnormally dry,13.13
2003-06-03,D0,D0 Abnormally dry,15.91
2003-06-10,D0,D0 Abnormally dry,17.08
2003-06-17,D0,D0 Abnormally dry,20.02
2003-06-24,D0,D0 Abnormally dry,20.4
2003-07-01,D0,D0 Abnormally dry,20.32
2003-07-08,D0,D0 Abnormally dry,18.06
2003-07-15,D0,D0 Abnormally dry,21.97
2003-07-22,D0,D0 Abnormally dry,14.82
2003-07-29,D0,D0 Abnormally dry,7.15
2003-08-05,D0,D0 Abnormally dry,8.12
2003-08-12,D0,D0 Abnormally dry,8.87
2003-08-19,D0,D0 Abnormally dry,13.2
2003-08-26,D0,D0 Abnormally dry,10.61
2003-09-02,D0,D0 Abnormally dry,10.33
2003-09-09,D0,D0 Abnormally dry,9.12
2003-09-16,D0,D0 Abnormally dry,10.62
2003-09-23,D0,D0 Abnormally dry,11.02
2003-09-30,D0,D0 Abnormally dry,11.43
2003-10-07,D0,D0 Abnormally dry,9.42
2003-10-14,D0,D0 Abnormally dry,11.72
2003-10-21,D0,D0 Abnormally dry,13.22
2003-10-28,D0,D0 Abnormally dry,12.92
2003-11-04,D0,D0 Abnormally dry,12.62
2003-11-11,D0,D0 Abnormally dry,12.88
2003-11-18,D0,D0 Abnormally dry,11.96
2003-11-25,D0,D0 Abnormally dry,11.26
2003-12-02,D0,D0 Abnormally dry,10.75
2003-12-09,D0,D0 Abnormally dry,11.16
2003-12-16,D0,D0 Abnormally dry,9.43
2003-12-23,D0,D0 Abnormally dry,9.69
2003-12-30,D0,D0 Abnormally dry,10.85
2004-01-06,D0,D0 Abnormally dry,13.24
2004-01-13,D0,D0 Abnormally dry,13.26
2004-01-20,D0,D0 Abnormally dry,12.01
2004-01-27,D0,D0 Abnormally dry,12.48
2004-02-03,D0,D0 Abnormally dry,13.05
2004-02-10,D0,D0 Abnormally dry,14.86
2004-02-17,D0,D0 Abnormally dry,14.69
2004-02-24,D0,D0 Abnormally dry,14.02
2004-03-02,D0,D0 Abnormally dry,14.74
2004-03-09,D0,D0 Abnormally dry,12.54
2004-03-16,D0,D0 Abnormally dry,12.9
2004-03-23,D0,D0 Abnormally dry,15.52
2004-03-30,D0,D0 Abnormally dry,17.11
2004-04-06,D0,D0 Abnormally dry,18.82
2004-04-13,D0,D0 Abnormally dry,19.59
2004-04-20,D0,D0 Abnormally dry,20.04
2004-04-27,D0,D0 Abnormally dry,17.7
2004-05-04,D0,D0 Abnormally dry,15.71
2004-05-11,D0,D0 Abnormally dry,16.59
2004-05-18,D0,D0 Abnormally dry,17.06
2004-05-25,D0,D0 Abnormally dry,17.81
2004-06-01,D0,D0 Abnormally dry,16.14
2004-06-08,D0,D0 Abnormally dry,13.95
2004-06-15,D0,D0 Abnormally dry,11.95
2004-06-22,D0,D0 Abnormally dry,10.86
2004-06-29,D0,D0 Abnormally dry,13.89
2004-07-06,D0,D0 Abnormally dry,14.49
2004-07-13,D0,D0 Abnormally dry,15.4
2004-07-20,D0,D0 Abnormally dry,16.53
2004-07-27,D0,D0 Abnormally dry,18.23
2004-08-03,D0,D0 Abnormally dry,19.05
2004-08-10,D0,D0 Abnormally dry,16.96
2004-08-17,D0,D0 Abnormally dry,12.73
2004-08-24,D0,D0 Abnormally dry,11.76
2004-08-31,D0,D0 Abnormally dry,11.13
2004-09-07,D0,D0 Abnormally dry,12.37
2004-09-14,D0,D0 Abnormally dry,14.81
2004-09-21,D0,D0 Abnormally dry,15.74
2004-09-28,D0,D0 Abnormally dry,13.77
2004-10-05,D0,D0 Abnormally dry,16.38
2004-10-12,D0,D0 Abnormally dry,13.69
2004-10-19,D0,D0 Abnormally dry,12.43
2004-10-26,D0,D0 Abnormally dry,13.31
2004-11-02,D0,D0 Abnormally dry,12.72
2004-11-09,D0,D0 Abnormally dry,12.6
2004-11-16,D0,D0 Abnormally dry,13.15
2004-11-23,D0,D0 Abnormally dry,12.68
2004-11-30,D0,D0 Abnormally dry,11.55
2004-12-07,D0,D0 Abnormally dry,11.01
2004-12-14,D0,D0 Abnormally dry,10.41
2004-12-21,D0,D0 Abnormally dry,11.55
2004-12-28,D0,D0 Abnormally dry,9.77
2005-01-04,D0,D0 Abnormally dry,9.49
2005-01-11,D0,D0 Abnormally dry,12.99
2005-01-18,D0,D0 Abnormally dry,12.32
2005-01-25,D0,D0 Abnormally dry,12.14
2005-02-01,D0,D0 Abnormally dry,8.89
2005-02-08,D0,D0 Abnormally dry,9.04
2005-02-15,D0,D0 Abnormally dry,10.01
2005-02-22,D0,D0 Abnormally dry,10.46
2005-03-01,D0,D0 Abnormally dry,9.77
2005-03-08,D0,D0 Abnormally dry,11.15
2005-03-15,D0,D0 Abnormally dry,11.3
2005-03-22,D0,D0 Abnormally dry,10.95
2005-03-29,D0,D0 Abnormally dry,9.64
2005-04-05,D0,D0 Abnormally dry,9.59
2005-04-12,D0,D0 Abnormally dry,7.83
2005-04-19,D0,D0 Abnormally dry,11.34
2005-04-26,D0,D0 Abnormally dry,11.32
2005-05-03,D0,D0 Abnormally dry,18.89
2005-05-10,D0,D0 Abnormally dry,20.91
2005-05-17,D0,D0 Abnormally dry,15.86
2005-05-24,D0,D0 Abnormally dry,18.66
2005-05-31,D0,D0 Abnormally dry,17.88
2005-06-07,D0,D0 Abnormally dry,14.99
2005-06-14,D0,D0 Abnormally dry,13.54
2005-06-21,D0,D0 Abnormally dry,14.8
2005-06-28,D0,D0 Abnormally dry,20.01
2005-07-05,D0,D0 Abnormally dry,17.48
2005-07-12,D0,D0 Abnormally dry,15.83
2005-07-19,D0,D0 Abnormally dry,16.58
2005-07-26,D0,D0 Abnormally dry,19.05
2005-08-02,D0,D0 Abnormally dry,19.3
2005-08-09,D0,D0 Abnormally dry,20.32
2005-08-16,D0,D0 Abnormally dry,20.24
2005-08-23,D0,D0 Abnormally dry,18.91
2005-08-30,D0,D0 Abnormally dry,19.29
2005-09-06,D0,D0 Abnormally dry,20.98
2005-09-13,D0,D0 Abnormally dry,22.05
2005-09-20,D0,D0 Abnormally dry,20.95
2005-09-27,D0,D0 Abnormally dry,20.61
2005-10-04,D0,D0 Abnormally dry,19.17
2005-10-11,D0,D0 Abnormally dry,20.27
2005-10-18,D0,D0 Abnormally dry,20.19
2005-10-25,D0,D0 Abnormally dry,22.04
2005-11-01,D0,D0 Abnormally dry,26.65
2005-11-08,D0,D0 Abnormally dry,25.12
2005-11-15,D0,D0 Abnormally dry,25.56
2005-11-22,D0,D0 Abnormally dry,24.44
2005-11-29,D0,D0 Abnormally dry,23.34
2005-12-06,D0,D0 Abnormally dry,20.91
2005-12-13,D0,D0 Abnormally dry,21.58
2005-12-20,D0,D0 Abnormally dry,21.07
2005-12-27,D0,D0 Abnormally dry,19.74
2006-01-03,D0,D0 Abnormally dry,19.67
2006-01-10,D0,D0 Abnormally dry,21.03
2006-01-17,D0,D0 Abnormally dry,20.34
2006-01-24,D0,D0 Abnormally dry,18.68
2006-01-31,D0,D0 Abnormally dry,16.87
2006-02-07,D0,D0 Abnormally dry,16.45
2006-02-14,D0,D0 Abnormally dry,15.95
2006-02-21,D0,D0 Abnormally dry,15.76
2006-02-28,D0,D0 Abnormally dry,17.59
2006-03-07,D0,D0 Abnormally dry,18.07
2006-03-14,D0,D0 Abnormally dry,16.82
2006-03-21,D0,D0 Abnormally dry,23.6
2006-03-28,D0,D0 Abnormally dry,22.34
2006-04-04,D0,D0 Abnormally dry,23.71
2006-04-11,D0,D0 Abnormally dry,20.46
2006-04-18,D0,D0 Abnormally dry,21.03
2006-04-25,D0,D0 Abnormally dry,20.37
2006-05-02,D0,D0 Abnormally dry,22.26
2006-05-09,D0,D0 Abnormally dry,26.53
2006-05-16,D0,D0 Abnormally dry,22.63
2006-05-23,D0,D0 Abnormally dry,18.75
2006-05-30,D0,D0 Abnormally dry,20.24
2006-06-06,D0,D0 Abnormally dry,18.03
2006-06-13,D0,D0 Abnormally dry,19.08
2006-06-20,D0,D0 Abnormally dry,19.91
2006-06-27,D0,D0 Abnormally dry,17.91
2006-07-04,D0,D0 Abnormally dry,15.55
2006-07-11,D0,D0 Abnormally dry,17.42
2006-07-18,D0,D0 Abnormally dry,12.63
2006-07-25,D0,D0 Abnormally dry,12.31
2006-08-01,D0,D0 Abnormally dry,12.96
2006-08-08,D0,D0 Abnormally dry,13.7
2006-08-15,D0,D0 Abnormally dry,14.18
2006-08-22,D0,D0 Abnormally dry,13.92
2006-08-29,D0,D0 Abnormally dry,16.28
2006-09-05,D0,D0 Abnormally dry,16.55
2006-09-12,D0,D0 Abnormally dry,14.76
2006-09-19,D0,D0 Abnormally dry,16.77
2006-09-26,D0,D0 Abnormally dry,18.46
2006-10-03,D0,D0 Abnormally dry,17.64
2006-10-10,D0,D0 Abnormally dry,16.48
2006-10-17,D0,D0 Abnormally dry,16.92
2006-10-24,D0,D0 Abnormally dry,15.63
2006-10-31,D0,D0 Abnormally dry,15.15
2006-11-07,D0,D0 Abnormally dry,13.8
2006-11-14,D0,D0 Abnormally dry,14.69
2006-11-21,D0,D0 Abnormally dry,14.57
2006-11-28,D0,D0 Abnormally dry,13.91
2006-12-05,D0,D0 Abnormally dry,17.69
2006-12-12,D0,D0 Abnormally dry,18.59
2006-12-19,D0,D0 Abnormally dry,27.53
2006-12-26,D0,D0 Abnormally dry,27.19
2007-01-02,D0,D0 Abnormally dry,25.03
2007-01-09,D0,D0 Abnormally dry,23.36
2007-01-16,D0,D0 Abnormally dry,21.56
2007-01-23,D0,D0 Abnormally dry,18.5
2007-01-30,D0,D0 Abnormally dry,19.32
2007-02-06,D0,D0 Abnormally dry,21.94
2007-02-13,D0,D0 Abnormally dry,21.45
2007-02-20,D0,D0 Abnormally dry,22.38
2007-02-27,D0,D0 Abnormally dry,21.26
2007-03-06,D0,D0 Abnormally dry,21.82
2007-03-13,D0,D0 Abnormally dry,26.16
2007-03-20,D0,D0 Abnormally dry,26.69
2007-03-27,D0,D0 Abnormally dry,25.24
2007-04-03,D0,D0 Abnormally dry,22.3
2007-04-10,D0,D0 Abnormally dry,21.74
2007-04-17,D0,D0 Abnormally dry,19.78
2007-04-24,D0,D0 Abnormally dry,19.88
2007-05-01,D0,D0 Abnormally dry,19.23
2007-05-08,D0,D0 Abnormally dry,19.14
2007-05-15,D0,D0 Abnormally dry,19.96
2007-05-22,D0,D0 Abnormally dry,19.35
2007-05-29,D0,D0 Abnormally dry,20.56
2007-06-05,D0,D0 Abnormally dry,21.3
2007-06-12,D0,D0 Abnormally dry,19.88
2007-06-19,D0,D0 Abnormally dry,21.05
2007-06-26,D0,D0 Abnormally dry,21.78
2007-07-03,D0,D0 Abnormally dry,21.83
2007-07-10,D0,D0 Abnormally dry,20.73
2007-07-17,D0,D0 Abnormally dry,18.97
2007-07-24,D0,D0 Abnormally dry,20.37
2007-07-31,D0,D0 Abnormally dry,19.72
2007-08-07,D0,D0 Abnormally dry,20.8
2007-08-14,D0,D0 Abnormally dry,18.98
2007-08-21,D0,D0 Abnormally dry,18.03
2007-08-28,D0,D0 Abnormally dry,18.23
2007-09-04,D0,D0 Abnormally dry,18.1
2007-09-11,D0,D0 Abnormally dry,16.62
2007-09-18,D0,D0 Abnormally dry,15.36
2007-09-25,D0,D0 Abnormally dry,15.33
2007-10-02,D0,D0 Abnormally dry,15.98
2007-10-09,D0,D0 Abnormally dry,15.84
2007-10-16,D0,D0 Abnormally dry,15.22
2007-10-23,D0,D0 Abnormally dry,16.3
2007-10-30,D0,D0 Abnormally dry,15.55
2007-11-06,D0,D0 Abnormally dry,17.82
2007-11-13,D0,D0 Abnormally dry,21.15
2007-11-20,D0,D0 Abnormally dry,22.62
2007-11-27,D0,D0 Abnormally dry,18.74
2007-12-04,D0,D0 Abnormally dry,21.54
2007-12-11,D0,D0 Abnormally dry,19.79
2007-12-18,D0,D0 Abnormally dry,18.8
2007-12-25,D0,D0 Abnormally dry,18.93
2008-01-01,D0,D0 Abnormally dry,21.52
2008-01-08,D0,D0 Abnormally dry,22.62
2008-01-15,D0,D0 Abnormally dry,23.46
2008-01-22,D0,D0 Abnormally dry,22.89
2008-01-29,D0,D0 Abnormally dry,25.83
2008-02-05,D0,D0 Abnormally dry,25.71
2008-02-12,D0,D0 Abnormally dry,29.08
2008-02-19,D0,D0 Abnormally dry,26.7
2008-02-26,D0,D0 Abnormally dry,24.19
2008-03-04,D0,D0 Abnormally dry,23.3
2008-03-11,D0,D0 Abnormally dry,23.31
2008-03-18,D0,D0 Abnormally dry,21.24
2008-03-25,D0,D0 Abnormally dry,22.21
2008-04-01,D0,D0 Abnormally dry,23.16
2008-04-08,D0,D0 Abnormally dry,21.86
2008-04-15,D0,D0 Abnormally dry,21.16
2008-04-22,D0,D0 Abnormally dry,21.02
2008-04-29,D0,D0 Abnormally dry,22.79
2008-05-06,D0,D0 Abnormally dry,23.71
2008-05-13,D0,D0 Abnormally dry,23.56
2008-05-20,D0,D0 Abnormally dry,21.7
2008-05-27,D0,D0 Abnormally dry,19.07
2008-06-03,D0,D0 Abnormally dry,19.05
2008-06-10,D0,D0 Abnormally dry,23.84
2008-06-17,D0,D0 Abnormally dry,14.91
2008-06-24,D0,D0 Abnormally dry,15.92
2008-07-01,D0,D0 Abnormally dry,16.6
2008-07-08,D0,D0 Abnormally dry,17.35
2008-07-15,D0,D0 Abnormally dry,17.67
2008-07-22,D0,D0 Abnormally dry,20.9
2008-07-29,D0,D0 Abnormally dry,19.26
2008-08-05,D0,D0 Abnormally dry,20.93
2008-08-12,D0,D0 Abnormally dry,20.52
2008-08-19,D0,D0 Abnormally dry,21.76
2008-08-26,D0,D0 Abnormally dry,25.12
2008-09-02,D0,D0 Abnormally dry,23.57
2008-09-09,D0,D0 Abnormally dry,21.34
2008-09-16,D0,D0 Abnormally dry,22.42
2008-09-23,D0,D0 Abnormally dry,22.13
2008-09-30,D0,D0 Abnormally dry,23.05
2008-10-07,D0,D0 Abnormally dry,22.86
2008-10-14,D0,D0 Abnormally dry,21.75
2008-10-21,D0,D0 Abnormally dry,22.03
2008-10-28,D0,D0 Abnormally dry,20.07
2008-11-04,D0,D0 Abnormally dry,21.83
2008-11-11,D0,D0 Abnormally dry,21.06
2008-11-18,D0,D0 Abnormally dry,22.08
2008-11-25,D0,D0 Abnormally dry,22.75
2008-12-02,D0,D0 Abnormally dry,25.17
2008-12-09,D0,D0 Abnormally dry,25.16
2008-12-16,D0,D0 Abnormally dry,25.6
2008-12-23,D0,D0 Abnormally dry,24.99
2008-12-30,D0,D0 Abnormally dry,22.7
2009-01-06,D0,D0 Abnormally dry,23.12
2009-01-13,D0,D0 Abnormally dry,22.49
2009-01-20,D0,D0 Abnormally dry,22.58
2009-01-27,D0,D0 Abnormally dry,24.11
2009-02-03,D0,D0 Abnormally dry,22.5
2009-02-10,D0,D0 Abnormally dry,26.2
2009-02-17,D0,D0 Abnormally dry,25.26
2009-02-24,D0,D0 Abnormally dry,23.04
2009-03-03,D0,D0 Abnormally dry,24.4
2009-03-10,D0,D0 Abnormally dry,23.95
2009-03-17,D0,D0 Abnormally dry,24.79
2009-03-24,D0,D0 Abnormally dry,25.61
2009-03-31,D0,D0 Abnormally dry,21.6
2009-04-07,D0,D0 Abnormally dry,20.21
2009-04-14,D0,D0 Abnormally dry,20.59
2009-04-21,D0,D0 Abnormally dry,21.65
2009-04-28,D0,D0 Abnormally dry,23.76
2009-05-05,D0,D0 Abnormally dry,19.47
2009-05-12,D0,D0 Abnormally dry,16.69
2009-05-19,D0,D0 Abnormally dry,15.74
2009-05-26,D0,D0 Abnormally dry,15.05
2009-06-02,D0,D0 Abnormally dry,17.75
2009-06-09,D0,D0 Abnormally dry,18.35
2009-06-16,D0,D0 Abnormally dry,18.71
2009-06-23,D0,D0 Abnormally dry,16.75
2009-06-30,D0,D0 Abnormally dry,18.8
2009-07-07,D0,D0 Abnormally dry,19.79
2009-07-14,D0,D0 Abnormally dry,20.32
2009-07-21,D0,D0 Abnormally dry,22.03
2009-07-28,D0,D0 Abnormally dry,20.16
2009-08-04,D0,D0 Abnormally dry,19.8
2009-08-11,D0,D0 Abnormally dry,22.81
2009-08-18,D0,D0 Abnormally dry,21.23
2009-08-25,D0,D0 Abnormally dry,18.16
2009-09-01,D0,D0 Abnormally dry,17.23
2009-09-08,D0,D0 Abnormally dry,18.26
2009-09-15,D0,D0 Abnormally dry,17.06
2009-09-22,D0,D0 Abnormally dry,16.63
2009-09-29,D0,D0 Abnormally dry,18.98
2009-10-06,D0,D0 Abnormally dry,17.58
2009-10-13,D0,D0 Abnormally dry,16.44
2009-10-20,D0,D0 Abnormally dry,15.73
2009-10-27,D0,D0 Abnormally dry,13.49
2009-11-03,D0,D0 Abnormally dry,11.44
2009-11-10,D0,D0 Abnormally dry,11.85
2009-11-17,D0,D0 Abnormally dry,11.09
2009-11-24,D0,D0 Abnormally dry,12.58
2009-12-01,D0,D0 Abnormally dry,12.59
2009-12-08,D0,D0 Abnormally dry,12.81
2009-12-15,D0,D0 Abnormally dry,15.12
2009-12-22,D0,D0 Abnormally dry,15.07
2009-12-29,D0,D0 Abnormally dry,17.6
2010-01-05,D0,D0 Abnormally dry,16.9
2010-01-12,D0,D0 Abnormally dry,20.78
2010-01-19,D0,D0 Abnormally dry,20.65
2010-01-26,D0,D0 Abnormally dry,22.05
2010-02-02,D0,D0 Abnormally dry,21.9
2010-02-09,D0,D0 Abnormally dry,22.52
2010-02-16,D0,D0 Abnormally dry,22.72
2010-02-23,D0,D0 Abnormally dry,22.19
2010-03-02,D0,D0 Abnormally dry,21.97
2010-03-09,D0,D0 Abnormally dry,22.98
2010-03-16,D0,D0 Abnormally dry,21.61
2010-03-23,D0,D0 Abnormally dry,20.87
2010-03-30,D0,D0 Abnormally dry,21.59
2010-04-06,D0,D0 Abnormally dry,22.85
2010-04-13,D0,D0 Abnormally dry,25.38
2010-04-20,D0,D0 Abnormally dry,24.3
2010-04-27,D0,D0 Abnormally dry,25.11
2010-05-04,D0,D0 Abnormally dry,23.56
2010-05-11,D0,D0 Abnormally dry,22.64
2010-05-18,D0,D0 Abnormally dry,19.37
2010-05-25,D0,D0 Abnormally dry,18.34
2010-06-01,D0,D0 Abnormally dry,20.74
2010-06-08,D0,D0 Abnormally dry,16.77
2010-06-15,D0,D0 Abnormally dry,17.99
2010-06-22,D0,D0 Abnormally dry,20.82
2010-06-29,D0,D0 Abnormally dry,21.01
2010-07-06,D0,D0 Abnormally dry,20.4
2010-07-13,D0,D0 Abnormally dry,20.64
2010-07-20,D0,D0 Abnormally dry,21.89
2010-07-27,D0,D0 Abnormally dry,18.91
2010-08-03,D0,D0 Abnormally dry,17.53
2010-08-10,D0,D0 Abnormally dry,18.1
2010-08-17,D0,D0 Abnormally dry,19.89
2010-08-24,D0,D0 Abnormally dry,18.94
2010-08-31,D0,D0 Abnormally dry,21.5
2010-09-07,D0,D0 Abnormally dry,19.67
2010-09-14,D0,D0 Abnormally dry,20.7
2010-09-21,D0,D0 Abnormally dry,23.31
2010-09-28,D0,D0 Abnormally dry,26.95
2010-10-05,D0,D0 Abnormally dry,25.16
2010-10-12,D0,D0 Abnormally dry,25.9
2010-10-19,D0,D0 Abnormally dry,25.53
2010-10-26,D0,D0 Abnormally dry,21.95
2010-11-02,D0,D0 Abnormally dry,23.48
2010-11-09,D0,D0 Abnormally dry,23.99
2010-11-16,D0,D0 Abnormally dry,25.19
2010-11-23,D0,D0 Abnormally dry,23.88
2010-11-30,D0,D0 Abnormally dry,24.86
2010-12-07,D0,D0 Abnormally dry,23.84
2010-12-14,D0,D0 Abnormally dry,21.93
2010-12-21,D0,D0 Abnormally dry,18.29
2010-12-28,D0,D0 Abnormally dry,17.88
2011-01-04,D0,D0 Abnormally dry,18.34
2011-01-11,D0,D0 Abnormally dry,17.1
2011-01-18,D0,D0 Abnormally dry,18.36
2011-01-25,D0,D0 Abnormally dry,18.36
2011-02-01,D0,D0 Abnormally dry,21.45
2011-02-08,D0,D0 Abnormally dry,20.56
2011-02-15,D0,D0 Abnormally dry,20.82
2011-02-22,D0,D0 Abnormally dry,15.8
2011-03-01,D0,D0 Abnormally dry,15.29
2011-03-08,D0,D0 Abnormally dry,13.81
2011-03-15,D0,D0 Abnormally dry,13.94
2011-03-22,D0,D0 Abnormally dry,12.94
2011-03-29,D0,D0 Abnormally dry,11.4
2011-04-05,D0,D0 Abnormally dry,10.28
2011-04-12,D0,D0 Abnormally dry,10.41
2011-04-19,D0,D0 Abnormally dry,10.72
2011-04-26,D0,D0 Abnormally dry,9.39
2011-05-03,D0,D0 Abnormally dry,8.87
2011-05-10,D0,D0 Abnormally dry,8.88
2011-05-17,D0,D0 Abnormally dry,7.68
2011-05-24,D0,D0 Abnormally dry,7.88
2011-05-31,D0,D0 Abnormally dry,7.58
2011-06-07,D0,D0 Abnormally dry,8.86
2011-06-14,D0,D0 Abnormally dry,9.2
2011-06-21,D0,D0 Abnormally dry,8.77
2011-06-28,D0,D0 Abnormally dry,11.3
2011-07-05,D0,D0 Abnormally dry,10.2
2011-07-12,D0,D0 Abnormally dry,9.25
2011-07-19,D0,D0 Abnormally dry,10.19
2011-07-26,D0,D0 Abnormally dry,12.36
2011-08-02,D0,D0 Abnormally dry,12.91
2011-08-09,D0,D0 Abnormally dry,12.43
2011-08-16,D0,D0 Abnormally dry,13.87
2011-08-23,D0,D0 Abnormally dry,14.19
2011-08-30,D0,D0 Abnormally dry,13.23
2011-09-06,D0,D0 Abnormally dry,11.81
2011-09-13,D0,D0 Abnormally dry,12.06
2011-09-20,D0,D0 Abnormally dry,10.38
2011-09-27,D0,D0 Abnormally dry,12.13
2011-10-04,D0,D0 Abnormally dry,12.51
2011-10-11,D0,D0 Abnormally dry,9.86
2011-10-18,D0,D0 Abnormally dry,9.11
2011-10-25,D0,D0 Abnormally dry,9.07
2011-11-01,D0,D0 Abnormally dry,8.8
2011-11-08,D0,D0 Abnormally dry,9.25
2011-11-15,D0,D0 Abnormally dry,10.08
2011-11-22,D0,D0 Abnormally dry,9.94
2011-11-29,D0,D0 Abnormally dry,9.81
2011-12-06,D0,D0 Abnormally dry,10.51
2011-12-13,D0,D0 Abnormally dry,12.41
2011-12-20,D0,D0 Abnormally dry,12.73
2011-12-27,D0,D0 Abnormally dry,17.24
2012-01-03,D0,D0 Abnormally dry,14.8
2012-01-10,D0,D0 Abnormally dry,17.69
2012-01-17,D0,D0 Abnormally dry,20.42
2012-01-24,D0,D0 Abnormally dry,18.44
2012-01-31,D0,D0 Abnormally dry,17.02
2012-02-07,D0,D0 Abnormally dry,16.07
2012-02-14,D0,D0 Abnormally dry,16.37
2012-02-21,D0,D0 Abnormally dry,16.2
2012-02-28,D0,D0 Abnormally dry,15.79
2012-03-06,D0,D0 Abnormally dry,15.2
2012-03-13,D0,D0 Abnormally dry,15.46
2012-03-20,D0,D0 Abnormally dry,14.86
2012-03-27,D0,D0 Abnormally dry,17.16
2012-04-03,D0,D0 Abnormally dry,19.54
2012-04-10,D0,D0 Abnormally dry,18.85
2012-04-17,D0,D0 Abnormally dry,18.83
2012-04-24,D0,D0 Abnormally dry,18.7
2012-05-01,D0,D0 Abnormally dry,17.69
2012-05-08,D0,D0 Abnormally dry,16.94
2012-05-15,D0,D0 Abnormally dry,17.7
2012-05-22,D0,D0 Abnormally dry,22.59
2012-05-29,D0,D0 Abnormally dry,22.29
2012-06-05,D0,D0 Abnormally dry,21.26
2012-06-12,D0,D0 Abnormally dry,19.14
2012-06-19,D0,D0 Abnormally dry,21.46
2012-06-26,D0,D0 Abnormally dry,24.3
2012-07-03,D0,D0 Abnormally dry,23.87
2012-07-10,D0,D0 Abnormally dry,20.78
2012-07-17,D0,D0 Abnormally dry,19.2
2012-07-24,D0,D0 Abnormally dry,18.36
2012-07-31,D0,D0 Abnormally dry,18.57
2012-08-07,D0,D0 Abnormally dry,17.91
2012-08-14,D0,D0 Abnormally dry,18.1
2012-08-21,D0,D0 Abnormally dry,16.57
2012-08-28,D0,D0 Abnormally dry,17.18
2012-09-04,D0,D0 Abnormally dry,16.56
2012-09-11,D0,D0 Abnormally dry,16.82
2012-09-18,D0,D0 Abnormally dry,15.94
2012-09-25,D0,D0 Abnormally dry,14.12
2012-10-02,D0,D0 Abnormally dry,14.26
2012-10-09,D0,D0 Abnormally dry,15.83
2012-10-16,D0,D0 Abnormally dry,15.33
2012-10-23,D0,D0 Abnormally dry,15.3
2012-10-30,D0,D0 Abnormally dry,15.42
2012-11-06,D0,D0 Abnormally dry,15.72
2012-11-13,D0,D0 Abnormally dry,16.21
2012-11-20,D0,D0 Abnormally dry,16.25
2012-11-27,D0,D0 Abnormally dry,18.75
2012-12-04,D0,D0 Abnormally dry,19.11
2012-12-11,D0,D0 Abnormally dry,17.62
2012-12-18,D0,D0 Abnormally dry,17.61
2012-12-25,D0,D0 Abnormally dry,20.56
2013-01-01,D0,D0 Abnormally dry,19.99
2013-01-08,D0,D0 Abnormally dry,19.81
2013-01-15,D0,D0 Abnormally dry,19.64
2013-01-22,D0,D0 Abnormally dry,20.36
2013-01-29,D0,D0 Abnormally dry,20.28
2013-02-05,D0,D0 Abnormally dry,18.38
2013-02-12,D0,D0 Abnormally dry,17.57
2013-02-19,D0,D0 Abnormally dry,18.29
2013-02-26,D0,D0 Abnormally dry,19.28
2013-03-05,D0,D0 Abnormally dry,18.63
2013-03-12,D0,D0 Abnormally dry,18.77
2013-03-19,D0,D0 Abnormally dry,19.71
2013-03-26,D0,D0 Abnormally dry,19.73
2013-04-02,D0,D0 Abnormally dry,20.89
2013-04-09,D0,D0 Abnormally dry,20.11
2013-04-16,D0,D0 Abnormally dry,17.65
2013-04-23,D0,D0 Abnormally dry,16.82
2013-04-30,D0,D0 Abnormally dry,15.29
2013-05-07,D0,D0 Abnormally dry,15.31
2013-05-14,D0,D0 Abnormally dry,15.07
2013-05-21,D0,D0 Abnormally dry,15.74
2013-05-28,D0,D0 Abnormally dry,13.79
2013-06-04,D0,D0 Abnormally dry,12.36
2013-06-11,D0,D0 Abnormally dry,10.74
2013-06-18,D0,D0 Abnormally dry,10.37
2013-06-25,D0,D0 Abnormally dry,12.48
2013-07-02,D0,D0 Abnormally dry,11.32
2013-07-09,D0,D0 Abnormally dry,11.9
2013-07-16,D0,D0 Abnormally dry,12.53
2013-07-23,D0,D0 Abnormally dry,15.27
2013-07-30,D0,D0 Abnormally dry,15.14
2013-08-06,D0,D0 Abnormally dry,15.4
2013-08-13,D0,D0 Abnormally dry,15.13
2013-08-20,D0,D0 Abnormally dry,16.27
2013-08-27,D0,D0 Abnormally dry,14.55
2013-09-03,D0,D0 Abnormally dry,14.36
2013-09-10,D0,D0 Abnormally dry,15.53
2013-09-17,D0,D0 Abnormally dry,16
2013-09-24,D0,D0 Abnormally dry,16.48
2013-10-01,D0,D0 Abnormally dry,18.58
2013-10-08,D0,D0 Abnormally dry,18.54
2013-10-15,D0,D0 Abnormally dry,17.6
2013-10-22,D0,D0 Abnormally dry,19.18
2013-10-29,D0,D0 Abnormally dry,20.2
2013-11-05,D0,D0 Abnormally dry,21.63
2013-11-12,D0,D0 Abnormally dry,22.78
2013-11-19,D0,D0 Abnormally dry,24.88
2013-11-26,D0,D0 Abnormally dry,24.3
2013-12-03,D0,D0 Abnormally dry,23.17
2013-12-10,D0,D0 Abnormally dry,23.45
2013-12-17,D0,D0 Abnormally dry,23.36
2013-12-24,D0,D0 Abnormally dry,20.82
2013-12-31,D0,D0 Abnormally dry,19.78
2014-01-07,D0,D0 Abnormally dry,19.21
2014-01-14,D0,D0 Abnormally dry,17.15
2014-01-21,D0,D0 Abnormally dry,17.79
2014-01-28,D0,D0 Abnormally dry,18.48
2014-02-04,D0,D0 Abnormally dry,18.01
2014-02-11,D0,D0 Abnormally dry,16.93
2014-02-18,D0,D0 Abnormally dry,16.6
2014-02-25,D0,D0 Abnormally dry,17.06
2014-03-04,D0,D0 Abnormally dry,16.73
2014-03-11,D0,D0 Abnormally dry,16.08
2014-03-18,D0,D0 Abnormally dry,12.19
2014-03-25,D0,D0 Abnormally dry,11.93
2014-04-01,D0,D0 Abnormally dry,12.6
2014-04-08,D0,D0 Abnormally dry,10.27
2014-04-15,D0,D0 Abnormally dry,9.31
2014-04-22,D0,D0 Abnormally dry,10.28
2014-04-29,D0,D0 Abnormally dry,9.19
2014-05-06,D0,D0 Abnormally dry,9.38
2014-05-13,D0,D0 Abnormally dry,9.45
2014-05-20,D0,D0 Abnormally dry,8.49
2014-05-27,D0,D0 Abnormally dry,8.84
2014-06-03,D0,D0 Abnormally dry,12.39
2014-06-10,D0,D0 Abnormally dry,11.85
2014-06-17,D0,D0 Abnormally dry,11.66
2014-06-24,D0,D0 Abnormally dry,12.15
2014-07-01,D0,D0 Abnormally dry,8.77
2014-07-08,D0,D0 Abnormally dry,9.46
2014-07-15,D0,D0 Abnormally dry,9.47
2014-07-22,D0,D0 Abnormally dry,10.6
2014-07-29,D0,D0 Abnormally dry,11.33
2014-08-05,D0,D0 Abnormally dry,11.45
2014-08-12,D0,D0 Abnormally dry,11.37
2014-08-19,D0,D0 Abnormally dry,12.15
2014-08-26,D0,D0 Abnormally dry,11.63
2014-09-02,D0,D0 Abnormally dry,11.76
2014-09-09,D0,D0 Abnormally dry,12.41
2014-09-16,D0,D0 Abnormally dry,11.87
2014-09-23,D0,D0 Abnormally dry,12.6
2014-09-30,D0,D0 Abnormally dry,14.56
2014-10-07,D0,D0 Abnormally dry,13.85
2014-10-14,D0,D0 Abnormally dry,12.28
2014-10-21,D0,D0 Abnormally dry,11.76
2014-10-28,D0,D0 Abnormally dry,11.62
2014-11-04,D0,D0 Abnormally dry,12.89
2014-11-11,D0,D0 Abnormally dry,14.38
2014-11-18,D0,D0 Abnormally dry,14.85
2014-11-25,D0,D0 Abnormally dry,15.35
2014-12-02,D0,D0 Abnormally dry,15.57
2014-12-09,D0,D0 Abnormally dry,15.79
2014-12-16,D0,D0 Abnormally dry,16.48
2014-12-23,D0,D0 Abnormally dry,16.97
2014-12-30,D0,D0 Abnormally dry,15.19
2015-01-06,D0,D0 Abnormally dry,13.54
2015-01-13,D0,D0 Abnormally dry,14.04
2015-01-20,D0,D0 Abnormally dry,15.32
2015-01-27,D0,D0 Abnormally dry,19.42
2015-02-03,D0,D0 Abnormally dry,17.81
2015-02-10,D0,D0 Abnormally dry,19.71
2015-02-17,D0,D0 Abnormally dry,23.49
2015-02-24,D0,D0 Abnormally dry,22.37
2015-03-03,D0,D0 Abnormally dry,22.72
2015-03-10,D0,D0 Abnormally dry,22.57
2015-03-17,D0,D0 Abnormally dry,21.05
2015-03-24,D0,D0 Abnormally dry,22.39
2015-03-31,D0,D0 Abnormally dry,23.13
2015-04-07,D0,D0 Abnormally dry,24.08
2015-04-14,D0,D0 Abnormally dry,21.76
2015-04-21,D0,D0 Abnormally dry,17.56
2015-04-28,D0,D0 Abnormally dry,17.21
2015-05-05,D0,D0 Abnormally dry,19.01
2015-05-12,D0,D0 Abnormally dry,21.71
2015-05-19,D0,D0 Abnormally dry,21.24
2015-05-26,D0,D0 Abnormally dry,24.35
2015-06-02,D0,D0 Abnormally dry,21.2
2015-06-09,D0,D0 Abnormally dry,19.61
2015-06-16,D0,D0 Abnormally dry,20.23
2015-06-23,D0,D0 Abnormally dry,21.07
2015-06-30,D0,D0 Abnormally dry,18.46
2015-07-07,D0,D0 Abnormally dry,15.93
2015-07-14,D0,D0 Abnormally dry,14.28
2015-07-21,D0,D0 Abnormally dry,14.49
2015-07-28,D0,D0 Abnormally dry,19.37
2015-08-04,D0,D0 Abnormally dry,21
2015-08-11,D0,D0 Abnormally dry,20.82
2015-08-18,D0,D0 Abnormally dry,21.57
2015-08-25,D0,D0 Abnormally dry,21.24
2015-09-01,D0,D0 Abnormally dry,21.48
2015-09-08,D0,D0 Abnormally dry,23.85
2015-09-15,D0,D0 Abnormally dry,24.48
2015-09-22,D0,D0 Abnormally dry,25.82
2015-09-29,D0,D0 Abnormally dry,26.17
2015-10-06,D0,D0 Abnormally dry,20.49
2015-10-13,D0,D0 Abnormally dry,21.4
2015-10-20,D0,D0 Abnormally dry,23.93
2015-10-27,D0,D0 Abnormally dry,23.34
2015-11-03,D0,D0 Abnormally dry,22.08
2015-11-10,D0,D0 Abnormally dry,20.39
2015-11-17,D0,D0 Abnormally dry,21.13
2015-11-24,D0,D0 Abnormally dry,17.54
2015-12-01,D0,D0 Abnormally dry,15.18
2015-12-08,D0,D0 Abnormally dry,14.25
2015-12-15,D0,D0 Abnormally dry,14.26
2015-12-22,D0,D0 Abnormally dry,13.82
2015-12-29,D0,D0 Abnormally dry,13.66
2016-01-05,D0,D0 Abnormally dry,12.65
2016-01-12,D0,D0 Abnormally dry,12
2016-01-19,D0,D0 Abnormally dry,12.16
2016-01-26,D0,D0 Abnormally dry,12.28
2016-02-02,D0,D0 Abnormally dry,13.04
2016-02-09,D0,D0 Abnormally dry,13.68
2016-02-16,D0,D0 Abnormally dry,16.13
2016-02-23,D0,D0 Abnormally dry,14.53
2016-03-01,D0,D0 Abnormally dry,16.52
2016-03-08,D0,D0 Abnormally dry,20.93
2016-03-15,D0,D0 Abnormally dry,20.26
2016-03-22,D0,D0 Abnormally dry,19.75
2016-03-29,D0,D0 Abnormally dry,22.55
2016-04-05,D0,D0 Abnormally dry,20.32
2016-04-12,D0,D0 Abnormally dry,21.64
2016-04-19,D0,D0 Abnormally dry,23.63
2016-04-26,D0,D0 Abnormally dry,23.99
2016-05-03,D0,D0 Abnormally dry,19.87
2016-05-10,D0,D0 Abnormally dry,16.94
2016-05-17,D0,D0 Abnormally dry,16.31
2016-05-24,D0,D0 Abnormally dry,17.36
2016-05-31,D0,D0 Abnormally dry,18.64
2016-06-07,D0,D0 Abnormally dry,20.73
2016-06-14,D0,D0 Abnormally dry,23.86
2016-06-21,D0,D0 Abnormally dry,26.5
2016-06-28,D0,D0 Abnormally dry,27.16
2016-07-05,D0,D0 Abnormally dry,25.8
2016-07-12,D0,D0 Abnormally dry,26
2016-07-19,D0,D0 Abnormally dry,28.8
2016-07-26,D0,D0 Abnormally dry,28.76
2016-08-02,D0,D0 Abnormally dry,27.78
2016-08-09,D0,D0 Abnormally dry,27.98
2016-08-16,D0,D0 Abnormally dry,25.92
2016-08-23,D0,D0 Abnormally dry,21.73
2016-08-30,D0,D0 Abnormally dry,21.39
2016-09-06,D0,D0 Abnormally dry,20.98
2016-09-13,D0,D0 Abnormally dry,21.62
2016-09-20,D0,D0 Abnormally dry,21.92
2016-09-27,D0,D0 Abnormally dry,22.95
2016-10-04,D0,D0 Abnormally dry,20.39
2016-10-11,D0,D0 Abnormally dry,20.47
2016-10-18,D0,D0 Abnormally dry,20.3
2016-10-25,D0,D0 Abnormally dry,18.75
2016-11-01,D0,D0 Abnormally dry,19.19
2016-11-08,D0,D0 Abnormally dry,19.51
2016-11-15,D0,D0 Abnormally dry,19.77
2016-11-22,D0,D0 Abnormally dry,21.44
2016-11-29,D0,D0 Abnormally dry,22.26
2016-12-06,D0,D0 Abnormally dry,21.9
2016-12-13,D0,D0 Abnormally dry,21.86
2016-12-20,D0,D0 Abnormally dry,23.72
2016-12-27,D0,D0 Abnormally dry,23.82
2017-01-03,D0,D0 Abnormally dry,21.46
2017-01-10,D0,D0 Abnormally dry,19.17
2017-01-17,D0,D0 Abnormally dry,18.68
2017-01-24,D0,D0 Abnormally dry,15.48
2017-01-31,D0,D0 Abnormally dry,16.1
2017-02-07,D0,D0 Abnormally dry,15.52
2017-02-14,D0,D0 Abnormally dry,16.69
2017-02-21,D0,D0 Abnormally dry,20.05
2017-02-28,D0,D0 Abnormally dry,22.2
2017-03-07,D0,D0 Abnormally dry,20.07
2017-03-14,D0,D0 Abnormally dry,19.03
2017-03-21,D0,D0 Abnormally dry,22.05
2017-03-28,D0,D0 Abnormally dry,22.97
2017-04-04,D0,D0 Abnormally dry,21.77
2017-04-11,D0,D0 Abnormally dry,20.89
2017-04-18,D0,D0 Abnormally dry,21.13
2017-04-25,D0,D0 Abnormally dry,18.47
2017-05-02,D0,D0 Abnormally dry,13.17
2017-05-09,D0,D0 Abnormally dry,13.63
2017-05-16,D0,D0 Abnormally dry,14.53
2017-05-23,D0,D0 Abnormally dry,13.52
2017-05-30,D0,D0 Abnormally dry,16.25
2017-06-06,D0,D0 Abnormally dry,12.2
2017-06-13,D0,D0 Abnormally dry,15.21
2017-06-20,D0,D0 Abnormally dry,15.26
2017-06-27,D0,D0 Abnormally dry,15.45
2017-07-04,D0,D0 Abnormally dry,15.69
2017-07-11,D0,D0 Abnormally dry,15.36
2017-07-18,D0,D0 Abnormally dry,21.14
2017-07-25,D0,D0 Abnormally dry,23.37
2017-08-01,D0,D0 Abnormally dry,20.97
2017-08-08,D0,D0 Abnormally dry,20.65
2017-08-15,D0,D0 Abnormally dry,15.75
2017-08-22,D0,D0 Abnormally dry,14.58
2017-08-29,D0,D0 Abnormally dry,15.76
2017-09-05,D0,D0 Abnormally dry,15.19
2017-09-12,D0,D0 Abnormally dry,14.86
2017-09-19,D0,D0 Abnormally dry,17.89
2017-09-26,D0,D0 Abnormally dry,19.37
2017-10-03,D0,D0 Abnormally dry,20.5
2017-10-10,D0,D0 Abnormally dry,20.06
2017-10-17,D0,D0 Abnormally dry,21.16
2017-10-24,D0,D0 Abnormally dry,20.43
2017-10-31,D0,D0 Abnormally dry,18.06
2017-11-07,D0,D0 Abnormally dry,17.44
2017-11-14,D0,D0 Abnormally dry,18.39
2017-11-21,D0,D0 Abnormally dry,17.94
2017-11-28,D0,D0 Abnormally dry,18.02
2017-12-05,D0,D0 Abnormally dry,19.52
2017-12-12,D0,D0 Abnormally dry,26
2017-12-19,D0,D0 Abnormally dry,25.58
2017-12-26,D0,D0 Abnormally dry,23.7
2018-01-02,D0,D0 Abnormally dry,23.3
2018-01-09,D0,D0 Abnormally dry,21.59
2018-01-16,D0,D0 Abnormally dry,23.39
2018-01-23,D0,D0 Abnormally dry,22.68
2018-01-30,D0,D0 Abnormally dry,29.82
2018-02-06,D0,D0 Abnormally dry,27.18
2018-02-13,D0,D0 Abnormally dry,24.55
2018-02-20,D0,D0 Abnormally dry,23.37
2018-02-27,D0,D0 Abnormally dry,23.82
2018-03-06,D0,D0 Abnormally dry,22.18
2018-03-13,D0,D0 Abnormally dry,21.48
2018-03-20,D0,D0 Abnormally dry,18.76
2018-03-27,D0,D0 Abnormally dry,18.34
2018-04-03,D0,D0 Abnormally dry,16.43
2018-04-10,D0,D0 Abnormally dry,15.34
2018-04-17,D0,D0 Abnormally dry,12.96
2018-04-24,D0,D0 Abnormally dry,13.01
2018-05-01,D0,D0 Abnormally dry,13.55
2018-05-08,D0,D0 Abnormally dry,15.74
2018-05-15,D0,D0 Abnormally dry,16.23
2018-05-22,D0,D0 Abnormally dry,14.2
2018-05-29,D0,D0 Abnormally dry,13.83
2018-06-05,D0,D0 Abnormally dry,16.41
2018-06-12,D0,D0 Abnormally dry,16.92
2018-06-19,D0,D0 Abnormally dry,17.77
2018-06-26,D0,D0 Abnormally dry,17.72
2018-07-03,D0,D0 Abnormally dry,17.21
2018-07-10,D0,D0 Abnormally dry,16.32
2018-07-17,D0,D0 Abnormally dry,16.65
2018-07-24,D0,D0 Abnormally dry,18.47
2018-07-31,D0,D0 Abnormally dry,17.56
2018-08-07,D0,D0 Abnormally dry,15.99
2018-08-14,D0,D0 Abnormally dry,18.76
2018-08-21,D0,D0 Abnormally dry,18.94
2018-08-28,D0,D0 Abnormally dry,18.33
2018-09-04,D0,D0 Abnormally dry,16.62
2018-09-11,D0,D0 Abnormally dry,17.15
2018-09-18,D0,D0 Abnormally dry,16.64
2018-09-25,D0,D0 Abnormally dry,16.31
2018-10-02,D0,D0 Abnormally dry,15.95
2018-10-09,D0,D0 Abnormally dry,14.88
2018-10-16,D0,D0 Abnormally dry,12.51
2018-10-23,D0,D0 Abnormally dry,12.45
2018-10-30,D0,D0 Abnormally dry,12.76
2018-11-06,D0,D0 Abnormally dry,12.61
2018-11-13,D0,D0 Abnormally dry,12.46
2018-11-20,D0,D0 Abnormally dry,9.94
2018-11-27,D0,D0 Abnormally dry,9.92
2018-12-04,D0,D0 Abnormally dry,9.33
2018-12-11,D0,D0 Abnormally dry,9.14
2018-12-18,D0,D0 Abnormally dry,9.4
2018-12-25,D0,D0 Abnormally dry,10.3
2019-01-01,D0,D0 Abnormally dry,8.25
2019-01-08,D0,D0 Abnormally dry,8.06
2019-01-15,D0,D0 Abnormally dry,8.91
2019-01-22,D0,D0 Abnormally dry,10.01
2019-01-29,D0,D0 Abnormally dry,11.82
2019-02-05,D0,D0 Abnormally dry,12.74
2019-02-12,D0,D0 Abnormally dry,14.49
2019-02-19,D0,D0 Abnormally dry,13
2019-02-26,D0,D0 Abnormally dry,12.75
2019-03-05,D0,D0 Abnormally dry,12.74
2019-03-12,D0,D0 Abnormally dry,13.37
2019-03-19,D0,D0 Abnormally dry,12.09
2019-03-26,D0,D0 Abnormally dry,11.84
2019-04-02,D0,D0 Abnormally dry,12.98
2019-04-09,D0,D0 Abnormally dry,11.97
2019-04-16,D0,D0 Abnormally dry,9.15
2019-04-23,D0,D0 Abnormally dry,8.87
2019-04-30,D0,D0 Abnormally dry,7.79
2019-05-07,D0,D0 Abnormally dry,6.79
2019-05-14,D0,D0 Abnormally dry,6.09
2019-05-21,D0,D0 Abnormally dry,6.28
2019-05-28,D0,D0 Abnormally dry,7.93
2019-06-04,D0,D0 Abnormally dry,6.97
2019-06-11,D0,D0 Abnormally dry,5.97
2019-06-18,D0,D0 Abnormally dry,7.16
2019-06-25,D0,D0 Abnormally dry,7.31
2019-07-02,D0,D0 Abnormally dry,7.25
2019-07-09,D0,D0 Abnormally dry,15.71
2019-07-16,D0,D0 Abnormally dry,13.02
2019-07-23,D0,D0 Abnormally dry,13.93
2019-07-30,D0,D0 Abnormally dry,15.91
2019-08-06,D0,D0 Abnormally dry,18.36
2019-08-13,D0,D0 Abnormally dry,18.51
2019-08-20,D0,D0 Abnormally dry,19.64
2019-08-27,D0,D0 Abnormally dry,18.28
2019-09-03,D0,D0 Abnormally dry,18.48
2019-09-10,D0,D0 Abnormally dry,16.45
2019-09-17,D0,D0 Abnormally dry,18.81
2019-09-24,D0,D0 Abnormally dry,19.34
2019-10-01,D0,D0 Abnormally dry,17.89
2019-10-08,D0,D0 Abnormally dry,14.77
2019-10-15,D0,D0 Abnormally dry,16.52
2019-10-22,D0,D0 Abnormally dry,14.63
2019-10-29,D0,D0 Abnormally dry,14.26
2019-11-05,D0,D0 Abnormally dry,11.24
2019-11-12,D0,D0 Abnormally dry,13.71
2019-11-19,D0,D0 Abnormally dry,14.22
2019-11-26,D0,D0 Abnormally dry,17.16
2019-12-03,D0,D0 Abnormally dry,18.06
2019-12-10,D0,D0 Abnormally dry,15.27
2019-12-17,D0,D0 Abnormally dry,13.12
2019-12-24,D0,D0 Abnormally dry,12.21
2019-12-31,D0,D0 Abnormally dry,11.94
2020-01-07,D0,D0 Abnormally dry,11.69
2020-01-14,D0,D0 Abnormally dry,11.39
2020-01-21,D0,D0 Abnormally dry,12.22
2020-01-28,D0,D0 Abnormally dry,14.69
2020-02-04,D0,D0 Abnormally dry,14.19
2020-02-11,D0,D0 Abnormally dry,12.91
2020-02-18,D0,D0 Abnormally dry,12.96
2020-02-25,D0,D0 Abnormally dry,11.76
2020-03-03,D0,D0 Abnormally dry,11.27
2020-03-10,D0,D0 Abnormally dry,9.56
2020-03-17,D0,D0 Abnormally dry,10.3
2020-03-24,D0,D0 Abnormally dry,11.05
2020-03-31,D0,D0 Abnormally dry,8.93
2020-04-07,D0,D0 Abnormally dry,8.9
2020-04-14,D0,D0 Abnormally dry,9.24
2020-04-21,D0,D0 Abnormally dry,10.23
2020-04-28,D0,D0 Abnormally dry,11.67
2020-05-05,D0,D0 Abnormally dry,12.31
2020-05-12,D0,D0 Abnormally dry,14.16
2020-05-19,D0,D0 Abnormally dry,14.1
2020-05-26,D0,D0 Abnormally dry,13.41
2020-06-02,D0,D0 Abnormally dry,13.46
2020-06-09,D0,D0 Abnormally dry,14.58
2020-06-16,D0,D0 Abnormally dry,17.12
2020-06-23,D0,D0 Abnormally dry,16.21
2020-06-30,D0,D0 Abnormally dry,16.73
2020-07-07,D0,D0 Abnormally dry,20
2020-07-14,D0,D0 Abnormally dry,20.95
2020-07-21,D0,D0 Abnormally dry,21.2
2020-07-28,D0,D0 Abnormally dry,20.43
2020-08-04,D0,D0 Abnormally dry,18.51
2020-08-11,D0,D0 Abnormally dry,16.81
2020-08-18,D0,D0 Abnormally dry,15.85
2020-08-25,D0,D0 Abnormally dry,17.12
2020-09-01,D0,D0 Abnormally dry,20.46
2020-09-08,D0,D0 Abnormally dry,20.26
2020-09-15,D0,D0 Abnormally dry,20.18
2020-09-22,D0,D0 Abnormally dry,20.38
2020-09-29,D0,D0 Abnormally dry,19.72
2020-10-06,D0,D0 Abnormally dry,17.84
2020-10-13,D0,D0 Abnormally dry,17.38
2020-10-20,D0,D0 Abnormally dry,18.08
2020-10-27,D0,D0 Abnormally dry,17.21
2020-11-03,D0,D0 Abnormally dry,16.13
2020-11-10,D0,D0 Abnormally dry,17.18
2020-11-17,D0,D0 Abnormally dry,16.35
2020-11-24,D0,D0 Abnormally dry,17.58
2020-12-01,D0,D0 Abnormally dry,17.54
2020-12-08,D0,D0 Abnormally dry,17.14
2020-12-15,D0,D0 Abnormally dry,16.58
2020-12-22,D0,D0 Abnormally dry,16.01
2020-12-29,D0,D0 Abnormally dry,15.98
2021-01-05,D0,D0 Abnormally dry,14.67
2021-01-12,D0,D0 Abnormally dry,16.76
2021-01-19,D0,D0 Abnormally dry,18.06
2021-01-26,D0,D0 Abnormally dry,16.25
2021-02-02,D0,D0 Abnormally dry,18.71
2021-02-09,D0,D0 Abnormally dry,18.7
2021-02-16,D0,D0 Abnormally dry,19.13
2021-02-23,D0,D0 Abnormally dry,18.35
2021-03-02,D0,D0 Abnormally dry,16.07
2021-03-09,D0,D0 Abnormally dry,22.22
2021-03-16,D0,D0 Abnormally dry,23.78
2021-03-23,D0,D0 Abnormally dry,22.91
2021-03-30,D0,D0 Abnormally dry,21.92
2021-04-06,D0,D0 Abnormally dry,20.86
2021-04-13,D0,D0 Abnormally dry,17.62
2021-04-20,D0,D0 Abnormally dry,17.92
2021-04-27,D0,D0 Abnormally dry,20.18
2021-05-04,D0,D0 Abnormally dry,19.5
2021-05-11,D0,D0 Abnormally dry,16.03
2021-05-18,D0,D0 Abnormally dry,16.44
2021-05-25,D0,D0 Abnormally dry,18.49
2021-06-01,D0,D0 Abnormally dry,16.28
2021-06-08,D0,D0 Abnormally dry,15.78
2021-06-15,D0,D0 Abnormally dry,14.19
2021-06-22,D0,D0 Abnormally dry,13.29
2021-06-29,D0,D0 Abnormally dry,11.82
2021-07-06,D0,D0 Abnormally dry,12.78
2021-07-13,D0,D0 Abnormally dry,12.01
2021-07-20,D0,D0 Abnormally dry,9.93
2021-07-27,D0,D0 Abnormally dry,9.69
2021-08-03,D0,D0 Abnormally dry,9.22
2021-08-10,D0,D0 Abnormally dry,10.33
2021-08-17,D0,D0 Abnormally dry,10.07
2021-08-24,D0,D0 Abnormally dry,9.04
2021-08-31,D0,D0 Abnormally dry,7.5
2021-09-07,D0,D0 Abnormally dry,7.79
2021-09-14,D0,D0 Abnormally dry,10.8
2021-09-21,D0,D0 Abnormally dry,12.02
2021-09-28,D0,D0 Abnormally dry,12.44
2021-10-05,D0,D0 Abnormally dry,12.53
2021-10-12,D0,D0 Abnormally dry,12.78
2021-10-19,D0,D0 Abnormally dry,12.78
2021-10-26,D0,D0 Abnormally dry,14.15
2021-11-02,D0,D0 Abnormally dry,12.58
2021-11-09,D0,D0 Abnormally dry,12.51
2021-11-16,D0,D0 Abnormally dry,12.36
2021-11-23,D0,D0 Abnormally dry,12.65
2021-11-30,D0,D0 Abnormally dry,13.17
2021-12-07,D0,D0 Abnormally dry,13.88
2021-12-14,D0,D0 Abnormally dry,15.81
2021-12-21,D0,D0 Abnormally dry,14.46
2021-12-28,D0,D0 Abnormally dry,15.27
2022-01-04,D0,D0 Abnormally dry,14.27
2022-01-11,D0,D0 Abnormally dry,14.12
2022-01-18,D0,D0 Abnormally dry,13.29
2022-01-25,D0,D0 Abnormally dry,13.27
2022-02-01,D0,D0 Abnormally dry,14.26
2022-02-08,D0,D0 Abnormally dry,13.16
2022-02-15,D0,D0 Abnormally dry,13.01
2022-02-22,D0,D0 Abnormally dry,13.29
2022-03-01,D0,D0 Abnormally dry,12.04
2022-03-08,D0,D0 Abnormally dry,11.76
2022-03-15,D0,D0 Abnormally dry,11.15
2022-03-22,D0,D0 Abnormally dry,11.43
2022-03-29,D0,D0 Abnormally dry,9.73
2022-04-05,D0,D0 Abnormally dry,10.07
2022-04-12,D0,D0 Abnormally dry,9.01
2022-04-19,D0,D0 Abnormally dry,8.81
2022-04-26,D0,D0 Abnormally dry,8.84
2022-05-03,D0,D0 Abnormally dry,9.04
2022-05-10,D0,D0 Abnormally dry,7.43
2022-05-17,D0,D0 Abnormally dry,9.45
2022-05-24,D0,D0 Abnormally dry,10.97
2022-05-31,D0,D0 Abnormally dry,10.15
2022-06-07,D0,D0 Abnormally dry,14.8
2022-06-14,D0,D0 Abnormally dry,15.97
2022-06-21,D0,D0 Abnormally dry,19.98
2022-06-28,D0,D0 Abnormally dry,22.5
2022-07-05,D0,D0 Abnormally dry,21.78
2022-07-12,D0,D0 Abnormally dry,19.69
2022-07-19,D0,D0 Abnormally dry,18.75
2022-07-26,D0,D0 Abnormally dry,16.8
2022-08-02,D0,D0 Abnormally dry,13.59
2022-08-09,D0,D0 Abnormally dry,13.5
2022-08-16,D0,D0 Abnormally dry,15.09
2022-08-23,D0,D0 Abnormally dry,15
2022-08-30,D0,D0 Abnormally dry,16.14
2022-09-06,D0,D0 Abnormally dry,16.58
2022-09-13,D0,D0 Abnormally dry,17.73
2022-09-20,D0,D0 Abnormally dry,16.9
2022-09-27,D0,D0 Abnormally dry,20.43
2022-10-04,D0,D0 Abnormally dry,20.79
2022-10-11,D0,D0 Abnormally dry,22.05
2022-10-18,D0,D0 Abnormally dry,19.15
2022-10-25,D0,D0 Abnormally dry,18.02
2022-11-01,D0,D0 Abnormally dry,18.85
2022-11-08,D0,D0 Abnormally dry,20.69
2022-11-15,D0,D0 Abnormally dry,19.12
2022-11-22,D0,D0 Abnormally dry,18.83
2022-11-29,D0,D0 Abnormally dry,18.63
2022-12-06,D0,D0 Abnormally dry,19.33
2022-12-13,D0,D0 Abnormally dry,20.46
2022-12-20,D0,D0 Abnormally dry,20.61
2022-12-27,D0,D0 Abnormally dry,20.45
2023-01-03,D0,D0 Abnormally dry,19.48
2023-01-10,D0,D0 Abnormally dry,18.9
2023-01-17,D0,D0 Abnormally dry,17.65
2023-01-24,D0,D0 Abnormally dry,16.75
2023-01-31,D0,D0 Abnormally dry,15.94
2023-02-07,D0,D0 Abnormally dry,15.51
2023-02-14,D0,D0 Abnormally dry,13.43
2023-02-21,D0,D0 Abnormally dry,13.32
2023-02-28,D0,D0 Abnormally dry,13.84
2023-03-07,D0,D0 Abnormally dry,14.42
2023-03-14,D0,D0 Abnormally dry,14.01
2023-03-21,D0,D0 Abnormally dry,15.17
2023-03-28,D0,D0 Abnormally dry,17.82
2023-04-04,D0,D0 Abnormally dry,19.51
2023-04-11,D0,D0 Abnormally dry,17.74
2023-04-18,D0,D0 Abnormally dry,17.31
2023-04-25,D0,D0 Abnormally dry,17.15
2023-05-02,D0,D0 Abnormally dry,17.98
2023-05-09,D0,D0 Abnormally dry,18.48
2023-05-16,D0,D0 Abnormally dry,17.57
2023-05-23,D0,D0 Abnormally dry,17.89
2023-05-30,D0,D0 Abnormally dry,26.03
2023-06-06,D0,D0 Abnormally dry,27.39
2023-06-13,D0,D0 Abnormally dry,24.82
2023-06-20,D0,D0 Abnormally dry,24.27
2023-06-27,D0,D0 Abnormally dry,22.53
2023-07-04,D0,D0 Abnormally dry,21.18
2023-07-11,D0,D0 Abnormally dry,18.85
2023-07-18,D0,D0 Abnormally dry,20.02
2023-07-25,D0,D0 Abnormally dry,20.13
2023-08-01,D0,D0 Abnormally dry,20.74
2023-08-08,D0,D0 Abnormally dry,19.81
2023-08-15,D0,D0 Abnormally dry,18.13
2023-08-22,D0,D0 Abnormally dry,15.8
2023-08-29,D0,D0 Abnormally dry,14.62
2023-09-05,D0,D0 Abnormally dry,13.59
2023-09-12,D0,D0 Abnormally dry,13.72
2023-09-19,D0,D0 Abnormally dry,15.11
2023-09-26,D0,D0 Abnormally dry,15.37
2023-10-03,D0,D0 Abnormally dry,15.5
2023-10-10,D0,D0 Abnormally dry,16
2023-10-17,D0,D0 Abnormally dry,15.76
2023-10-24,D0,D0 Abnormally dry,15.25
2023-10-31,D0,D0 Abnormally dry,14.95
2023-11-07,D0,D0 Abnormally dry,14.94
2023-11-14,D0,D0 Abnormally dry,15.31
2023-11-21,D0,D0 Abnormally dry,15.72
2023-11-28,D0,D0 Abnormally dry,16.51
2023-12-05,D0,D0 Abnormally dry,17.61
2023-12-12,D0,D0 Abnormally dry,18.94
2023-12-19,D0,D0 Abnormally dry,18.54
2023-12-26,D0,D0 Abnormally dry,18.43
2000-01-04,D1,D1 Moderate drought,11.71
2000-01-11,D1,D1 Moderate drought,12.66
2000-01-18,D1,D1 Moderate drought,13.08
2000-01-25,D1,D1 Moderate drought,12.94
2000-02-01,D1,D1 Moderate drought,15.76
2000-02-08,D1,D1 Moderate drought,15.43
2000-02-15,D1,D1 Moderate drought,17.64
2000-02-22,D1,D1 Moderate drought,16.59
2000-02-29,D1,D1 Moderate drought,15.53
2000-03-07,D1,D1 Moderate drought,14.37
2000-03-14,D1,D1 Moderate drought,12.17
2000-03-21,D1,D1 Moderate drought,11.95
2000-03-28,D1,D1 Moderate drought,11.85
2000-04-04,D1,D1 Moderate drought,9.42
2000-04-11,D1,D1 Moderate drought,10.76
2000-04-18,D1,D1 Moderate drought,10.15
2000-04-25,D1,D1 Moderate drought,9.51
2000-05-02,D1,D1 Moderate drought,10.53
2000-05-09,D1,D1 Moderate drought,10.03
2000-05-16,D1,D1 Moderate drought,10.79
2000-05-23,D1,D1 Moderate drought,8.15
2000-05-30,D1,D1 Moderate drought,8.84
2000-06-06,D1,D1 Moderate drought,7.27
2000-06-13,D1,D1 Moderate drought,7.82
2000-06-20,D1,D1 Moderate drought,7.27
2000-06-27,D1,D1 Moderate drought,9.43
2000-07-04,D1,D1 Moderate drought,8.06
2000-07-11,D1,D1 Moderate drought,10.23
2000-07-18,D1,D1 Moderate drought,11.45
2000-07-25,D1,D1 Moderate drought,11.36
2000-08-01,D1,D1 Moderate drought,11.55
2000-08-08,D1,D1 Moderate drought,11.54
2000-08-15,D1,D1 Moderate drought,12.16
2000-08-22,D1,D1 Moderate drought,12.76
2000-08-29,D1,D1 Moderate drought,13.78
2000-09-05,D1,D1 Moderate drought,12.84
2000-09-12,D1,D1 Moderate drought,12
2000-09-19,D1,D1 Moderate drought,11.47
2000-09-26,D1,D1 Moderate drought,12.03
2000-10-03,D1,D1 Moderate drought,12.41
2000-10-10,D1,D1 Moderate drought,14.01
2000-10-17,D1,D1 Moderate drought,15.7
2000-10-24,D1,D1 Moderate drought,18.42
2000-10-31,D1,D1 Moderate drought,14.84
2000-11-07,D1,D1 Moderate drought,6.27
2000-11-14,D1,D1 Moderate drought,5.84
2000-11-21,D1,D1 Moderate drought,5.86
2000-11-28,D1,D1 Moderate drought,6.03
2000-12-05,D1,D1 Moderate drought,6.45
2000-12-12,D1,D1 Moderate drought,6.5
2000-12-19,D1,D1 Moderate drought,6.53
2000-12-26,D1,D1 Moderate drought,5.77
2001-01-02,D1,D1 Moderate drought,6.51
2001-01-09,D1,D1 Moderate drought,6.5
2001-01-16,D1,D1 Moderate drought,6.94
2001-01-23,D1,D1 Moderate drought,6.09
2001-01-30,D1,D1 Moderate drought,5.73
2001-02-06,D1,D1 Moderate drought,5.58
2001-02-13,D1,D1 Moderate drought,13.95
2001-02-20,D1,D1 Moderate drought,13.51
2001-02-27,D1,D1 Moderate drought,13.46
2001-03-06,D1,D1 Moderate drought,13.27
2001-03-13,D1,D1 Moderate drought,9.79
2001-03-20,D1,D1 Moderate drought,9.71
2001-03-27,D1,D1 Moderate drought,9.43
2001-04-03,D1,D1 Moderate drought,8.79
2001-04-10,D1,D1 Moderate drought,9.3
2001-04-17,D1,D1 Moderate drought,9.37
2001-04-24,D1,D1 Moderate drought,9.92
2001-05-01,D1,D1 Moderate drought,12.17
2001-05-08,D1,D1 Moderate drought,12.86
2001-05-15,D1,D1 Moderate drought,13.88
2001-05-22,D1,D1 Moderate drought,15.56
2001-05-29,D1,D1 Moderate drought,13.9
2001-06-05,D1,D1 Moderate drought,11.64
2001-06-12,D1,D1 Moderate drought,10.65
2001-06-19,D1,D1 Moderate drought,8.39
2001-06-26,D1,D1 Moderate drought,8.16
2001-07-03,D1,D1 Moderate drought,7.67
2001-07-10,D1,D1 Moderate drought,7.59
2001-07-17,D1,D1 Moderate drought,7.14
2001-07-24,D1,D1 Moderate drought,8.93
2001-07-31,D1,D1 Moderate drought,11.09
2001-08-07,D1,D1 Moderate drought,10.56
2001-08-14,D1,D1 Moderate drought,10.33
2001-08-21,D1,D1 Moderate drought,9.87
2001-08-28,D1,D1 Moderate drought,8.79
2001-09-04,D1,D1 Moderate drought,8.09
2001-09-11,D1,D1 Moderate drought,8.5
2001-09-18,D1,D1 Moderate drought,8.12
2001-09-25,D1,D1 Moderate drought,7.24
2001-10-02,D1,D1 Moderate drought,7.8
2001-10-09,D1,D1 Moderate drought,8.57
2001-10-16,D1,D1 Moderate drought,7.96
2001-10-23,D1,D1 Moderate drought,9.81
2001-10-30,D1,D1 Moderate drought,12.39
2001-11-06,D1,D1 Moderate drought,12.51
2001-11-13,D1,D1 Moderate drought,13.39
2001-11-20,D1,D1 Moderate drought,12.21
2001-11-27,D1,D1 Moderate drought,11.76
2001-12-04,D1,D1 Moderate drought,12.54
2001-12-11,D1,D1 Moderate drought,12.73
2001-12-18,D1,D1 Moderate drought,11.65
2001-12-25,D1,D1 Moderate drought,11.51
2002-01-01,D1,D1 Moderate drought,11.65
2002-01-08,D1,D1 Moderate drought,12.07
2002-01-15,D1,D1 Moderate drought,12.87
2002-01-22,D1,D1 Moderate drought,12.71
2002-01-29,D1,D1 Moderate drought,13.1
2002-02-05,D1,D1 Moderate drought,13.02
2002-02-12,D1,D1 Moderate drought,14.4
2002-02-19,D1,D1 Moderate drought,15.57
2002-02-26,D1,D1 Moderate drought,15.14
2002-03-05,D1,D1 Moderate drought,15.36
2002-03-12,D1,D1 Moderate drought,18.7
2002-03-19,D1,D1 Moderate drought,17.3
2002-03-26,D1,D1 Moderate drought,15.14
2002-04-02,D1,D1 Moderate drought,14.02
2002-04-09,D1,D1 Moderate drought,14.05
2002-04-16,D1,D1 Moderate drought,13.18
2002-04-23,D1,D1 Moderate drought,11.16
2002-04-30,D1,D1 Moderate drought,9.95
2002-05-07,D1,D1 Moderate drought,10.26
2002-05-14,D1,D1 Moderate drought,12.88
2002-05-21,D1,D1 Moderate drought,11.64
2002-05-28,D1,D1 Moderate drought,12.19
2002-06-04,D1,D1 Moderate drought,12.16
2002-06-11,D1,D1 Moderate drought,12.41
2002-06-18,D1,D1 Moderate drought,12.67
2002-06-25,D1,D1 Moderate drought,11.99
2002-07-02,D1,D1 Moderate drought,11.26
2002-07-09,D1,D1 Moderate drought,12.24
2002-07-16,D1,D1 Moderate drought,12.11
2002-07-23,D1,D1 Moderate drought,13.01
2002-07-30,D1,D1 Moderate drought,13.2
2002-08-06,D1,D1 Moderate drought,11.95
2002-08-13,D1,D1 Moderate drought,12.66
2002-08-20,D1,D1 Moderate drought,11.64
2002-08-27,D1,D1 Moderate drought,11.72
2002-09-03,D1,D1 Moderate drought,11.55
2002-09-10,D1,D1 Moderate drought,13.86
2002-09-17,D1,D1 Moderate drought,13.71
2002-09-24,D1,D1 Moderate drought,14.22
2002-10-01,D1,D1 Moderate drought,12.71
2002-10-08,D1,D1 Moderate drought,14.89
2002-10-15,D1,D1 Moderate drought,15.51
2002-10-22,D1,D1 Moderate drought,15.1
2002-10-29,D1,D1 Moderate drought,14.31
2002-11-05,D1,D1 Moderate drought,15.04
2002-11-12,D1,D1 Moderate drought,13.61
2002-11-19,D1,D1 Moderate drought,13.03
2002-11-26,D1,D1 Moderate drought,12.74
2002-12-03,D1,D1 Moderate drought,12.91
2002-12-10,D1,D1 Moderate drought,10.89
2002-12-17,D1,D1 Moderate drought,9.86
2002-12-24,D1,D1 Moderate drought,9.59
2002-12-31,D1,D1 Moderate drought,9.13
2003-01-07,D1,D1 Moderate drought,9.51
2003-01-14,D1,D1 Moderate drought,9.9
2003-01-21,D1,D1 Moderate drought,9.68
2003-01-28,D1,D1 Moderate drought,9.64
2003-02-04,D1,D1 Moderate drought,10.36
2003-02-11,D1,D1 Moderate drought,10.49
2003-02-18,D1,D1 Moderate drought,10.38
2003-02-25,D1,D1 Moderate drought,9.22
2003-03-04,D1,D1 Moderate drought,10.28
2003-03-11,D1,D1 Moderate drought,10.42
2003-03-18,D1,D1 Moderate drought,14.09
2003-03-25,D1,D1 Moderate drought,14.36
2003-04-01,D1,D1 Moderate drought,12.84
2003-04-08,D1,D1 Moderate drought,13.18
2003-04-15,D1,D1 Moderate drought,13.56
2003-04-22,D1,D1 Moderate drought,13.12
2003-04-29,D1,D1 Moderate drought,12.92
2003-05-06,D1,D1 Moderate drought,16.23
2003-05-13,D1,D1 Moderate drought,17.34
2003-05-20,D1,D1 Moderate drought,14.41
2003-05-27,D1,D1 Moderate drought,14.6
2003-06-03,D1,D1 Moderate drought,14.56
2003-06-10,D1,D1 Moderate drought,12.91
2003-06-17,D1,D1 Moderate drought,11.26
2003-06-24,D1,D1 Moderate drought,10.82
2003-07-01,D1,D1 Moderate drought,7.54
2003-07-08,D1,D1 Moderate drought,6.11
2003-07-15,D1,D1 Moderate drought,6.83
2003-07-22,D1,D1 Moderate drought,10.31
2003-07-29,D1,D1 Moderate drought,15.24
2003-08-05,D1,D1 Moderate drought,15.05
2003-08-12,D1,D1 Moderate drought,13.72
2003-08-19,D1,D1 Moderate drought,12.91
2003-08-26,D1,D1 Moderate drought,14.73
2003-09-02,D1,D1 Moderate drought,15.09
2003-09-09,D1,D1 Moderate drought,13.9
2003-09-16,D1,D1 Moderate drought,13.25
2003-09-23,D1,D1 Moderate drought,13.79
2003-09-30,D1,D1 Moderate drought,12.78
2003-10-07,D1,D1 Moderate drought,12.35
2003-10-14,D1,D1 Moderate drought,10.38
2003-10-21,D1,D1 Moderate drought,10.11
2003-10-28,D1,D1 Moderate drought,11.46
2003-11-04,D1,D1 Moderate drought,11.74
2003-11-11,D1,D1 Moderate drought,12.36
2003-11-18,D1,D1 Moderate drought,12.34
2003-11-25,D1,D1 Moderate drought,12.05
2003-12-02,D1,D1 Moderate drought,11.85
2003-12-09,D1,D1 Moderate drought,11.87
2003-12-16,D1,D1 Moderate drought,11.41
2003-12-23,D1,D1 Moderate drought,11.46
2003-12-30,D1,D1 Moderate drought,10.11
2004-01-06,D1,D1 Moderate drought,11.22
2004-01-13,D1,D1 Moderate drought,10.57
2004-01-20,D1,D1 Moderate drought,10.5
2004-01-27,D1,D1 Moderate drought,9.68
2004-02-03,D1,D1 Moderate drought,9.22
2004-02-10,D1,D1 Moderate drought,8.73
2004-02-17,D1,D1 Moderate drought,8.81
2004-02-24,D1,D1 Moderate drought,8.54
2004-03-02,D1,D1 Moderate drought,9.13
2004-03-09,D1,D1 Moderate drought,9.15
2004-03-16,D1,D1 Moderate drought,8.89
2004-03-23,D1,D1 Moderate drought,9.35
2004-03-30,D1,D1 Moderate drought,8.54
2004-04-06,D1,D1 Moderate drought,8.94
2004-04-13,D1,D1 Moderate drought,9.35
2004-04-20,D1,D1 Moderate drought,10.28
2004-04-27,D1,D1 Moderate drought,10.79
2004-05-04,D1,D1 Moderate drought,10.84
2004-05-11,D1,D1 Moderate drought,10.15
2004-05-18,D1,D1 Moderate drought,9.92
2004-05-25,D1,D1 Moderate drought,11.73
2004-06-01,D1,D1 Moderate drought,11.36
2004-06-08,D1,D1 Moderate drought,10.63
2004-06-15,D1,D1 Moderate drought,10.13
2004-06-22,D1,D1 Moderate drought,9.84
2004-06-29,D1,D1 Moderate drought,8.53
2004-07-06,D1,D1 Moderate drought,8.6
2004-07-13,D1,D1 Moderate drought,7.75
2004-07-20,D1,D1 Moderate drought,8.54
2004-07-27,D1,D1 Moderate drought,8.27
2004-08-03,D1,D1 Moderate drought,8.29
2004-08-10,D1,D1 Moderate drought,9.15
2004-08-17,D1,D1 Moderate drought,11.03
2004-08-24,D1,D1 Moderate drought,10.84
2004-08-31,D1,D1 Moderate drought,10.74
2004-09-07,D1,D1 Moderate drought,8.47
2004-09-14,D1,D1 Moderate drought,7.33
2004-09-21,D1,D1 Moderate drought,7.21
2004-09-28,D1,D1 Moderate drought,7.26
2004-10-05,D1,D1 Moderate drought,8.98
2004-10-12,D1,D1 Moderate drought,8.7
2004-10-19,D1,D1 Moderate drought,8.48
2004-10-26,D1,D1 Moderate drought,8.8
2004-11-02,D1,D1 Moderate drought,7.9
2004-11-09,D1,D1 Moderate drought,8.74
2004-11-16,D1,D1 Moderate drought,9.04
2004-11-23,D1,D1 Moderate drought,8.98
2004-11-30,D1,D1 Moderate drought,8.58
2004-12-07,D1,D1 Moderate drought,8.79
2004-12-14,D1,D1 Moderate drought,9.02
2004-12-21,D1,D1 Moderate drought,8.81
2004-12-28,D1,D1 Moderate drought,8.84
2005-01-04,D1,D1 Moderate drought,8.56
2005-01-11,D1,D1 Moderate drought,8.96
2005-01-18,D1,D1 Moderate drought,9.08
2005-01-25,D1,D1 Moderate drought,9.3
2005-02-01,D1,D1 Moderate drought,11.88
2005-02-08,D1,D1 Moderate drought,11.56
2005-02-15,D1,D1 Moderate drought,10.9
2005-02-22,D1,D1 Moderate drought,9.83
2005-03-01,D1,D1 Moderate drought,8.72
2005-03-08,D1,D1 Moderate drought,8.33
2005-03-15,D1,D1 Moderate drought,7.74
2005-03-22,D1,D1 Moderate drought,7.74
2005-03-29,D1,D1 Moderate drought,7.85
2005-04-05,D1,D1 Moderate drought,7.37
2005-04-12,D1,D1 Moderate drought,6.69
2005-04-19,D1,D1 Moderate drought,6.84
2005-04-26,D1,D1 Moderate drought,7.39
2005-05-03,D1,D1 Moderate drought,7.18
2005-05-10,D1,D1 Moderate drought,7.74
2005-05-17,D1,D1 Moderate drought,9.12
2005-05-24,D1,D1 Moderate drought,9.78
2005-05-31,D1,D1 Moderate drought,11.1
2005-06-07,D1,D1 Moderate drought,15.19
2005-06-14,D1,D1 Moderate drought,13.82
2005-06-21,D1,D1 Moderate drought,12.83
2005-06-28,D1,D1 Moderate drought,12.93
2005-07-05,D1,D1 Moderate drought,12.95
2005-07-12,D1,D1 Moderate drought,13.34
2005-07-19,D1,D1 Moderate drought,13.78
2005-07-26,D1,D1 Moderate drought,14.02
2005-08-02,D1,D1 Moderate drought,14.2
2005-08-09,D1,D1 Moderate drought,13.77
2005-08-16,D1,D1 Moderate drought,13.03
2005-08-23,D1,D1 Moderate drought,12.04
2005-08-30,D1,D1 Moderate drought,11.21
2005-09-06,D1,D1 Moderate drought,10.59
2005-09-13,D1,D1 Moderate drought,12.22
2005-09-20,D1,D1 Moderate drought,14.2
2005-09-27,D1,D1 Moderate drought,13.81
2005-10-04,D1,D1 Moderate drought,15.22
2005-10-11,D1,D1 Moderate drought,11.18
2005-10-18,D1,D1 Moderate drought,11.23
2005-10-25,D1,D1 Moderate drought,12.46
2005-11-01,D1,D1 Moderate drought,13.77
2005-11-08,D1,D1 Moderate drought,16.22
2005-11-15,D1,D1 Moderate drought,14.58
2005-11-22,D1,D1 Moderate drought,13.14
2005-11-29,D1,D1 Moderate drought,12.2
2005-12-06,D1,D1 Moderate drought,13.39
2005-12-13,D1,D1 Moderate drought,13.26
2005-12-20,D1,D1 Moderate drought,12.87
2005-12-27,D1,D1 Moderate drought,12.76
2006-01-03,D1,D1 Moderate drought,11.56
2006-01-10,D1,D1 Moderate drought,11.81
2006-01-17,D1,D1 Moderate drought,14.18
2006-01-24,D1,D1 Moderate drought,12.07
2006-01-31,D1,D1 Moderate drought,13.34
2006-02-07,D1,D1 Moderate drought,12.26
2006-02-14,D1,D1 Moderate drought,11.62
2006-02-21,D1,D1 Moderate drought,11.13
2006-02-28,D1,D1 Moderate drought,11.44
2006-03-07,D1,D1 Moderate drought,11.3
2006-03-14,D1,D1 Moderate drought,10.95
2006-03-21,D1,D1 Moderate drought,11.2
2006-03-28,D1,D1 Moderate drought,12.25
2006-04-04,D1,D1 Moderate drought,13.51
2006-04-11,D1,D1 Moderate drought,12.58
2006-04-18,D1,D1 Moderate drought,11.77
2006-04-25,D1,D1 Moderate drought,11.56
2006-05-02,D1,D1 Moderate drought,12.15
2006-05-09,D1,D1 Moderate drought,11.42
2006-05-16,D1,D1 Moderate drought,10.1
2006-05-23,D1,D1 Moderate drought,11.08
2006-05-30,D1,D1 Moderate drought,12.11
2006-06-06,D1,D1 Moderate drought,11
2006-06-13,D1,D1 Moderate drought,12.95
2006-06-20,D1,D1 Moderate drought,11.83
2006-06-27,D1,D1 Moderate drought,13.3
2006-07-04,D1,D1 Moderate drought,15.27
2006-07-11,D1,D1 Moderate drought,19.31
2006-07-18,D1,D1 Moderate drought,18.86
2006-07-25,D1,D1 Moderate drought,17.41
2006-08-01,D1,D1 Moderate drought,16.49
2006-08-08,D1,D1 Moderate drought,15.4
2006-08-15,D1,D1 Moderate drought,16.12
2006-08-22,D1,D1 Moderate drought,15.73
2006-08-29,D1,D1 Moderate drought,16.17
2006-09-05,D1,D1 Moderate drought,15.07
2006-09-12,D1,D1 Moderate drought,15.09
2006-09-19,D1,D1 Moderate drought,16.96
2006-09-26,D1,D1 Moderate drought,13.91
2006-10-03,D1,D1 Moderate drought,15.01
2006-10-10,D1,D1 Moderate drought,15.3
2006-10-17,D1,D1 Moderate drought,13.97
2006-10-24,D1,D1 Moderate drought,12.52
2006-10-31,D1,D1 Moderate drought,12.07
2006-11-07,D1,D1 Moderate drought,11.2
2006-11-14,D1,D1 Moderate drought,11.41
2006-11-21,D1,D1 Moderate drought,10.52
2006-11-28,D1,D1 Moderate drought,10.17
2006-12-05,D1,D1 Moderate drought,10.03
2006-12-12,D1,D1 Moderate drought,10.14
2006-12-19,D1,D1 Moderate drought,10.7
2006-12-26,D1,D1 Moderate drought,10.44
2007-01-02,D1,D1 Moderate drought,10.87
2007-01-09,D1,D1 Moderate drought,10.35
2007-01-16,D1,D1 Moderate drought,9.95
2007-01-23,D1,D1 Moderate drought,9.71
2007-01-30,D1,D1 Moderate drought,9.92
2007-02-06,D1,D1 Moderate drought,9.28
2007-02-13,D1,D1 Moderate drought,9.61
2007-02-20,D1,D1 Moderate drought,10.5
2007-02-27,D1,D1 Moderate drought,9.93
2007-03-06,D1,D1 Moderate drought,9.57
2007-03-13,D1,D1 Moderate drought,11.14
2007-03-20,D1,D1 Moderate drought,11.39
2007-03-27,D1,D1 Moderate drought,15.86
2007-04-03,D1,D1 Moderate drought,16.85
2007-04-10,D1,D1 Moderate drought,17.2
2007-04-17,D1,D1 Moderate drought,15.15
2007-04-24,D1,D1 Moderate drought,14.9
2007-05-01,D1,D1 Moderate drought,14.73
2007-05-08,D1,D1 Moderate drought,14.24
2007-05-15,D1,D1 Moderate drought,14.06
2007-05-22,D1,D1 Moderate drought,13.79
2007-05-29,D1,D1 Moderate drought,13.58
2007-06-05,D1,D1 Moderate drought,14.13
2007-06-12,D1,D1 Moderate drought,12.81
2007-06-19,D1,D1 Moderate drought,12.64
2007-06-26,D1,D1 Moderate drought,12.84
2007-07-03,D1,D1 Moderate drought,13.47
2007-07-10,D1,D1 Moderate drought,16.65
2007-07-17,D1,D1 Moderate drought,18.96
2007-07-24,D1,D1 Moderate drought,15.8
2007-07-31,D1,D1 Moderate drought,14.6
2007-08-07,D1,D1 Moderate drought,14.22
2007-08-14,D1,D1 Moderate drought,12.86
2007-08-21,D1,D1 Moderate drought,12.98
2007-08-28,D1,D1 Moderate drought,10.6
2007-09-04,D1,D1 Moderate drought,11.06
2007-09-11,D1,D1 Moderate drought,10.39
2007-09-18,D1,D1 Moderate drought,9.88
2007-09-25,D1,D1 Moderate drought,11.71
2007-10-02,D1,D1 Moderate drought,11.88
2007-10-09,D1,D1 Moderate drought,11.57
2007-10-16,D1,D1 Moderate drought,11.51
2007-10-23,D1,D1 Moderate drought,10.49
2007-10-30,D1,D1 Moderate drought,10.24
2007-11-06,D1,D1 Moderate drought,10.56
2007-11-13,D1,D1 Moderate drought,11.37
2007-11-20,D1,D1 Moderate drought,12.18
2007-11-27,D1,D1 Moderate drought,12.3
2007-12-04,D1,D1 Moderate drought,13.1
2007-12-11,D1,D1 Moderate drought,12.24
2007-12-18,D1,D1 Moderate drought,11.54
2007-12-25,D1,D1 Moderate drought,11.49
2008-01-01,D1,D1 Moderate drought,12.17
2008-01-08,D1,D1 Moderate drought,14.34
2008-01-15,D1,D1 Moderate drought,13.79
2008-01-22,D1,D1 Moderate drought,13.87
2008-01-29,D1,D1 Moderate drought,12.85
2008-02-05,D1,D1 Moderate drought,13.25
2008-02-12,D1,D1 Moderate drought,12.43
2008-02-19,D1,D1 Moderate drought,12.04
2008-02-26,D1,D1 Moderate drought,11.81
2008-03-04,D1,D1 Moderate drought,11.03
2008-03-11,D1,D1 Moderate drought,10.73
2008-03-18,D1,D1 Moderate drought,13.39
2008-03-25,D1,D1 Moderate drought,13.11
2008-04-01,D1,D1 Moderate drought,15.57
2008-04-08,D1,D1 Moderate drought,15.57
2008-04-15,D1,D1 Moderate drought,14.34
2008-04-22,D1,D1 Moderate drought,14.85
2008-04-29,D1,D1 Moderate drought,14.03
2008-05-06,D1,D1 Moderate drought,14.1
2008-05-13,D1,D1 Moderate drought,13.32
2008-05-20,D1,D1 Moderate drought,13.83
2008-05-27,D1,D1 Moderate drought,11.23
2008-06-03,D1,D1 Moderate drought,12.15
2008-06-10,D1,D1 Moderate drought,11.96
2008-06-17,D1,D1 Moderate drought,15.18
2008-06-24,D1,D1 Moderate drought,14.66
2008-07-01,D1,D1 Moderate drought,13.41
2008-07-08,D1,D1 Moderate drought,13.14
2008-07-15,D1,D1 Moderate drought,13.69
2008-07-22,D1,D1 Moderate drought,13.88
2008-07-29,D1,D1 Moderate drought,13.04
2008-08-05,D1,D1 Moderate drought,12.79
2008-08-12,D1,D1 Moderate drought,12.11
2008-08-19,D1,D1 Moderate drought,11.44
2008-08-26,D1,D1 Moderate drought,11.75
2008-09-02,D1,D1 Moderate drought,13.22
2008-09-09,D1,D1 Moderate drought,12.44
2008-09-16,D1,D1 Moderate drought,12.06
2008-09-23,D1,D1 Moderate drought,12.4
2008-09-30,D1,D1 Moderate drought,12.33
2008-10-07,D1,D1 Moderate drought,11.88
2008-10-14,D1,D1 Moderate drought,10.19
2008-10-21,D1,D1 Moderate drought,10.9
2008-10-28,D1,D1 Moderate drought,10.26
2008-11-04,D1,D1 Moderate drought,10.95
2008-11-11,D1,D1 Moderate drought,10.53
2008-11-18,D1,D1 Moderate drought,10.74
2008-11-25,D1,D1 Moderate drought,11.06
2008-12-02,D1,D1 Moderate drought,11.49
2008-12-09,D1,D1 Moderate drought,11.05
2008-12-16,D1,D1 Moderate drought,11.45
2008-12-23,D1,D1 Moderate drought,11.44
2008-12-30,D1,D1 Moderate drought,10.91
2009-01-06,D1,D1 Moderate drought,11.14
2009-01-13,D1,D1 Moderate drought,10.88
2009-01-20,D1,D1 Moderate drought,10.4
2009-01-27,D1,D1 Moderate drought,10.61
2009-02-03,D1,D1 Moderate drought,10.29
2009-02-10,D1,D1 Moderate drought,10.35
2009-02-17,D1,D1 Moderate drought,9.89
2009-02-24,D1,D1 Moderate drought,12.58
2009-03-03,D1,D1 Moderate drought,14.23
2009-03-10,D1,D1 Moderate drought,15.13
2009-03-17,D1,D1 Moderate drought,13.96
2009-03-24,D1,D1 Moderate drought,15.5
2009-03-31,D1,D1 Moderate drought,14.02
2009-04-07,D1,D1 Moderate drought,10.9
2009-04-14,D1,D1 Moderate drought,9.6
2009-04-21,D1,D1 Moderate drought,8.71
2009-04-28,D1,D1 Moderate drought,8.57
2009-05-05,D1,D1 Moderate drought,8.28
2009-05-12,D1,D1 Moderate drought,8.07
2009-05-19,D1,D1 Moderate drought,8.31
2009-05-26,D1,D1 Moderate drought,7.74
2009-06-02,D1,D1 Moderate drought,7.23
2009-06-09,D1,D1 Moderate drought,7.3
2009-06-16,D1,D1 Moderate drought,6.89
2009-06-23,D1,D1 Moderate drought,6.79
2009-06-30,D1,D1 Moderate drought,7.19
2009-07-07,D1,D1 Moderate drought,7.16
2009-07-14,D1,D1 Moderate drought,7.84
2009-07-21,D1,D1 Moderate drought,6.99
2009-07-28,D1,D1 Moderate drought,6.18
2009-08-04,D1,D1 Moderate drought,5.47
2009-08-11,D1,D1 Moderate drought,5.34
2009-08-18,D1,D1 Moderate drought,5.37
2009-08-25,D1,D1 Moderate drought,6.81
2009-09-01,D1,D1 Moderate drought,6.91
2009-09-08,D1,D1 Moderate drought,7.72
2009-09-15,D1,D1 Moderate drought,7.63
2009-09-22,D1,D1 Moderate drought,7.61
2009-09-29,D1,D1 Moderate drought,7.39
2009-10-06,D1,D1 Moderate drought,7.47
2009-10-13,D1,D1 Moderate drought,6.14
2009-10-20,D1,D1 Moderate drought,6.29
2009-10-27,D1,D1 Moderate drought,6.15
2009-11-03,D1,D1 Moderate drought,6.86
2009-11-10,D1,D1 Moderate drought,7.12
2009-11-17,D1,D1 Moderate drought,6.6
2009-11-24,D1,D1 Moderate drought,6.61
2009-12-01,D1,D1 Moderate drought,6.64
2009-12-08,D1,D1 Moderate drought,6.45
2009-12-15,D1,D1 Moderate drought,6.85
2009-12-22,D1,D1 Moderate drought,6.95
2009-12-29,D1,D1 Moderate drought,6.87
2010-01-05,D1,D1 Moderate drought,7.57
2010-01-12,D1,D1 Moderate drought,6.43
2010-01-19,D1,D1 Moderate drought,6.68
2010-01-26,D1,D1 Moderate drought,6.35
2010-02-02,D1,D1 Moderate drought,5.98
2010-02-09,D1,D1 Moderate drought,5.44
2010-02-16,D1,D1 Moderate drought,6.19
2010-02-23,D1,D1 Moderate drought,6.29
2010-03-02,D1,D1 Moderate drought,6.15
2010-03-09,D1,D1 Moderate drought,6.11
2010-03-16,D1,D1 Moderate drought,5.89
2010-03-23,D1,D1 Moderate drought,6.05
2010-03-30,D1,D1 Moderate drought,5.88
2010-04-06,D1,D1 Moderate drought,5.94
2010-04-13,D1,D1 Moderate drought,5.99
2010-04-20,D1,D1 Moderate drought,6.62
2010-04-27,D1,D1 Moderate drought,6.74
2010-05-04,D1,D1 Moderate drought,6.91
2010-05-11,D1,D1 Moderate drought,7.3
2010-05-18,D1,D1 Moderate drought,6.36
2010-05-25,D1,D1 Moderate drought,6
2010-06-01,D1,D1 Moderate drought,5.8
2010-06-08,D1,D1 Moderate drought,5.45
2010-06-15,D1,D1 Moderate drought,5.65
2010-06-22,D1,D1 Moderate drought,6.08
2010-06-29,D1,D1 Moderate drought,5.88
2010-07-06,D1,D1 Moderate drought,5.37
2010-07-13,D1,D1 Moderate drought,5.48
2010-07-20,D1,D1 Moderate drought,5.8
2010-07-27,D1,D1 Moderate drought,5.99
2010-08-03,D1,D1 Moderate drought,5.24
2010-08-10,D1,D1 Moderate drought,5.38
2010-08-17,D1,D1 Moderate drought,5.72
2010-08-24,D1,D1 Moderate drought,5.54
2010-08-31,D1,D1 Moderate drought,6.78
2010-09-07,D1,D1 Moderate drought,6.18
2010-09-14,D1,D1 Moderate drought,6.79
2010-09-21,D1,D1 Moderate drought,7.8
2010-09-28,D1,D1 Moderate drought,8.47
2010-10-05,D1,D1 Moderate drought,7.58
2010-10-12,D1,D1 Moderate drought,6.99
2010-10-19,D1,D1 Moderate drought,7.76
2010-10-26,D1,D1 Moderate drought,7.85
2010-11-02,D1,D1 Moderate drought,7.81
2010-11-09,D1,D1 Moderate drought,8.45
2010-11-16,D1,D1 Moderate drought,8.83
2010-11-23,D1,D1 Moderate drought,8.96
2010-11-30,D1,D1 Moderate drought,8.92
2010-12-07,D1,D1 Moderate drought,9.09
2010-12-14,D1,D1 Moderate drought,10.59
2010-12-21,D1,D1 Moderate drought,12.51
2010-12-28,D1,D1 Moderate drought,12.3
2011-01-04,D1,D1 Moderate drought,11.1
2011-01-11,D1,D1 Moderate drought,12.98
2011-01-18,D1,D1 Moderate drought,12.56
2011-01-25,D1,D1 Moderate drought,12.64
2011-02-01,D1,D1 Moderate drought,11.34
2011-02-08,D1,D1 Moderate drought,12.26
2011-02-15,D1,D1 Moderate drought,12.86
2011-02-22,D1,D1 Moderate drought,14.07
2011-03-01,D1,D1 Moderate drought,13.01
2011-03-08,D1,D1 Moderate drought,12.56
2011-03-15,D1,D1 Moderate drought,10.86
2011-03-22,D1,D1 Moderate drought,10.48
2011-03-29,D1,D1 Moderate drought,8.36
2011-04-05,D1,D1 Moderate drought,8.92
2011-04-12,D1,D1 Moderate drought,8.57
2011-04-19,D1,D1 Moderate drought,7.1
2011-04-26,D1,D1 Moderate drought,6.83
2011-05-03,D1,D1 Moderate drought,6.03
2011-05-10,D1,D1 Moderate drought,4.98
2011-05-17,D1,D1 Moderate drought,4.8
2011-05-24,D1,D1 Moderate drought,4.41
2011-05-31,D1,D1 Moderate drought,4.12
2011-06-07,D1,D1 Moderate drought,4.61
2011-06-14,D1,D1 Moderate drought,4.48
2011-06-21,D1,D1 Moderate drought,4.15
2011-06-28,D1,D1 Moderate drought,4.04
2011-07-05,D1,D1 Moderate drought,4.79
2011-07-12,D1,D1 Moderate drought,4.21
2011-07-19,D1,D1 Moderate drought,4.36
2011-07-26,D1,D1 Moderate drought,4.74
2011-08-02,D1,D1 Moderate drought,6.02
2011-08-09,D1,D1 Moderate drought,6.84
2011-08-16,D1,D1 Moderate drought,6.38
2011-08-23,D1,D1 Moderate drought,6.35
2011-08-30,D1,D1 Moderate drought,6.83
2011-09-06,D1,D1 Moderate drought,5.59
2011-09-13,D1,D1 Moderate drought,5.7
2011-09-20,D1,D1 Moderate drought,5.75
2011-09-27,D1,D1 Moderate drought,4.81
2011-10-04,D1,D1 Moderate drought,5.26
2011-10-11,D1,D1 Moderate drought,5.58
2011-10-18,D1,D1 Moderate drought,5.22
2011-10-25,D1,D1 Moderate drought,5.35
2011-11-01,D1,D1 Moderate drought,6.94
2011-11-08,D1,D1 Moderate drought,7.72
2011-11-15,D1,D1 Moderate drought,6.66
2011-11-22,D1,D1 Moderate drought,6.73
2011-11-29,D1,D1 Moderate drought,6.28
2011-12-06,D1,D1 Moderate drought,6
2011-12-13,D1,D1 Moderate drought,6.05
2011-12-20,D1,D1 Moderate drought,6.85
2011-12-27,D1,D1 Moderate drought,8
2012-01-03,D1,D1 Moderate drought,10.95
2012-01-10,D1,D1 Moderate drought,11.5
2012-01-17,D1,D1 Moderate drought,11.52
2012-01-24,D1,D1 Moderate drought,14.88
2012-01-31,D1,D1 Moderate drought,16.29
2012-02-07,D1,D1 Moderate drought,16.63
2012-02-14,D1,D1 Moderate drought,16.62
2012-02-21,D1,D1 Moderate drought,17.24
2012-02-28,D1,D1 Moderate drought,16.02
2012-03-06,D1,D1 Moderate drought,16.5
2012-03-13,D1,D1 Moderate drought,15.81
2012-03-20,D1,D1 Moderate drought,16
2012-03-27,D1,D1 Moderate drought,13.82
2012-04-03,D1,D1 Moderate drought,14.32
2012-04-10,D1,D1 Moderate drought,15.24
2012-04-17,D1,D1 Moderate drought,14.51
2012-04-24,D1,D1 Moderate drought,14.32
2012-05-01,D1,D1 Moderate drought,14.89
2012-05-08,D1,D1 Moderate drought,13.59
2012-05-15,D1,D1 Moderate drought,12.77
2012-05-22,D1,D1 Moderate drought,13.27
2012-05-29,D1,D1 Moderate drought,15.44
2012-06-05,D1,D1 Moderate drought,16.49
2012-06-12,D1,D1 Moderate drought,17.2
2012-06-19,D1,D1 Moderate drought,18.8
2012-06-26,D1,D1 Moderate drought,17.09
2012-07-03,D1,D1 Moderate drought,18.18
2012-07-10,D1,D1 Moderate drought,19.81
2012-07-17,D1,D1 Moderate drought,17.85
2012-07-24,D1,D1 Moderate drought,15.33
2012-07-31,D1,D1 Moderate drought,14.54
2012-08-07,D1,D1 Moderate drought,13.79
2012-08-14,D1,D1 Moderate drought,13.61
2012-08-21,D1,D1 Moderate drought,16.06
2012-08-28,D1,D1 Moderate drought,17.22
2012-09-04,D1,D1 Moderate drought,17.53
2012-09-11,D1,D1 Moderate drought,18.72
2012-09-18,D1,D1 Moderate drought,19.9
2012-09-25,D1,D1 Moderate drought,19.54
2012-10-02,D1,D1 Moderate drought,20.53
2012-10-09,D1,D1 Moderate drought,19.79
2012-10-16,D1,D1 Moderate drought,19.73
2012-10-23,D1,D1 Moderate drought,19.39
2012-10-30,D1,D1 Moderate drought,18.34
2012-11-06,D1,D1 Moderate drought,17.95
2012-11-13,D1,D1 Moderate drought,19.14
2012-11-20,D1,D1 Moderate drought,18.64
2012-11-27,D1,D1 Moderate drought,17.68
2012-12-04,D1,D1 Moderate drought,16.92
2012-12-11,D1,D1 Moderate drought,16.19
2012-12-18,D1,D1 Moderate drought,16.18
2012-12-25,D1,D1 Moderate drought,16.24
2013-01-01,D1,D1 Moderate drought,16.27
2013-01-08,D1,D1 Moderate drought,15.85
2013-01-15,D1,D1 Moderate drought,15.86
2013-01-22,D1,D1 Moderate drought,15.02
2013-01-29,D1,D1 Moderate drought,14.6
2013-02-05,D1,D1 Moderate drought,14.28
2013-02-12,D1,D1 Moderate drought,15.36
2013-02-19,D1,D1 Moderate drought,15.7
2013-02-26,D1,D1 Moderate drought,15.21
2013-03-05,D1,D1 Moderate drought,14.44
2013-03-12,D1,D1 Moderate drought,14.06
2013-03-19,D1,D1 Moderate drought,14.03
2013-03-26,D1,D1 Moderate drought,14.06
2013-04-02,D1,D1 Moderate drought,14.21
2013-04-09,D1,D1 Moderate drought,13.45
2013-04-16,D1,D1 Moderate drought,13.47
2013-04-23,D1,D1 Moderate drought,13.36
2013-04-30,D1,D1 Moderate drought,12.17
2013-05-07,D1,D1 Moderate drought,13.01
2013-05-14,D1,D1 Moderate drought,13.16
2013-05-21,D1,D1 Moderate drought,12.79
2013-05-28,D1,D1 Moderate drought,12.67
2013-06-04,D1,D1 Moderate drought,13.38
2013-06-11,D1,D1 Moderate drought,13.45
2013-06-18,D1,D1 Moderate drought,12.65
2013-06-25,D1,D1 Moderate drought,11.33
2013-07-02,D1,D1 Moderate drought,11.75
2013-07-09,D1,D1 Moderate drought,11.86
2013-07-16,D1,D1 Moderate drought,12.36
2013-07-23,D1,D1 Moderate drought,14.06
2013-07-30,D1,D1 Moderate drought,14.08
2013-08-06,D1,D1 Moderate drought,14.06
2013-08-13,D1,D1 Moderate drought,14.86
2013-08-20,D1,D1 Moderate drought,14.57
2013-08-27,D1,D1 Moderate drought,17.32
2013-09-03,D1,D1 Moderate drought,17.42
2013-09-10,D1,D1 Moderate drought,17.2
2013-09-17,D1,D1 Moderate drought,18.9
2013-09-24,D1,D1 Moderate drought,19.16
2013-10-01,D1,D1 Moderate drought,19.88
2013-10-08,D1,D1 Moderate drought,18.61
2013-10-15,D1,D1 Moderate drought,18.27
2013-10-22,D1,D1 Moderate drought,16.85
2013-10-29,D1,D1 Moderate drought,16.64
2013-11-05,D1,D1 Moderate drought,15.11
2013-11-12,D1,D1 Moderate drought,14.87
2013-11-19,D1,D1 Moderate drought,13.54
2013-11-26,D1,D1 Moderate drought,12.66
2013-12-03,D1,D1 Moderate drought,11.9
2013-12-10,D1,D1 Moderate drought,11.76
2013-12-17,D1,D1 Moderate drought,12.55
2013-12-24,D1,D1 Moderate drought,12.21
2013-12-31,D1,D1 Moderate drought,12.06
2014-01-07,D1,D1 Moderate drought,13.56
2014-01-14,D1,D1 Moderate drought,12.94
2014-01-21,D1,D1 Moderate drought,12.97
2014-01-28,D1,D1 Moderate drought,13.25
2014-02-04,D1,D1 Moderate drought,13.93
2014-02-11,D1,D1 Moderate drought,13.63
2014-02-18,D1,D1 Moderate drought,12.19
2014-02-25,D1,D1 Moderate drought,12.25
2014-03-04,D1,D1 Moderate drought,12.03
2014-03-11,D1,D1 Moderate drought,11.82
2014-03-18,D1,D1 Moderate drought,12.73
2014-03-25,D1,D1 Moderate drought,12.71
2014-04-01,D1,D1 Moderate drought,11.93
2014-04-08,D1,D1 Moderate drought,11.5
2014-04-15,D1,D1 Moderate drought,10.59
2014-04-22,D1,D1 Moderate drought,10.22
2014-04-29,D1,D1 Moderate drought,9.75
2014-05-06,D1,D1 Moderate drought,9.79
2014-05-13,D1,D1 Moderate drought,8.39
2014-05-20,D1,D1 Moderate drought,8.21
2014-05-27,D1,D1 Moderate drought,8.53
2014-06-03,D1,D1 Moderate drought,8.39
2014-06-10,D1,D1 Moderate drought,8.5
2014-06-17,D1,D1 Moderate drought,8.45
2014-06-24,D1,D1 Moderate drought,8.53
2014-07-01,D1,D1 Moderate drought,7.53
2014-07-08,D1,D1 Moderate drought,7.79
2014-07-15,D1,D1 Moderate drought,8.4
2014-07-22,D1,D1 Moderate drought,8.17
2014-07-29,D1,D1 Moderate drought,9.45
2014-08-05,D1,D1 Moderate drought,9.82
2014-08-12,D1,D1 Moderate drought,9.68
2014-08-19,D1,D1 Moderate drought,9.98
2014-08-26,D1,D1 Moderate drought,10.29
2014-09-02,D1,D1 Moderate drought,9.91
2014-09-09,D1,D1 Moderate drought,9.16
2014-09-16,D1,D1 Moderate drought,9.33
2014-09-23,D1,D1 Moderate drought,10.22
2014-09-30,D1,D1 Moderate drought,9.96
2014-10-07,D1,D1 Moderate drought,9.91
2014-10-14,D1,D1 Moderate drought,9.74
2014-10-21,D1,D1 Moderate drought,9.83
2014-10-28,D1,D1 Moderate drought,9.69
2014-11-04,D1,D1 Moderate drought,10.16
2014-11-11,D1,D1 Moderate drought,10.3
2014-11-18,D1,D1 Moderate drought,10.29
2014-11-25,D1,D1 Moderate drought,10.11
2014-12-02,D1,D1 Moderate drought,10.23
2014-12-09,D1,D1 Moderate drought,10.66
2014-12-16,D1,D1 Moderate drought,10.68
2014-12-23,D1,D1 Moderate drought,10.68
2014-12-30,D1,D1 Moderate drought,9.83
2015-01-06,D1,D1 Moderate drought,9.48
2015-01-13,D1,D1 Moderate drought,9.46
2015-01-20,D1,D1 Moderate drought,9.45
2015-01-27,D1,D1 Moderate drought,9.91
2015-02-03,D1,D1 Moderate drought,10.44
2015-02-10,D1,D1 Moderate drought,10.8
2015-02-17,D1,D1 Moderate drought,13.19
2015-02-24,D1,D1 Moderate drought,13.8
2015-03-03,D1,D1 Moderate drought,13.65
2015-03-10,D1,D1 Moderate drought,13.31
2015-03-17,D1,D1 Moderate drought,15.49
2015-03-24,D1,D1 Moderate drought,14.75
2015-03-31,D1,D1 Moderate drought,15.29
2015-04-07,D1,D1 Moderate drought,14.88
2015-04-14,D1,D1 Moderate drought,15.35
2015-04-21,D1,D1 Moderate drought,15.21
2015-04-28,D1,D1 Moderate drought,14.56
2015-05-05,D1,D1 Moderate drought,14.6
2015-05-12,D1,D1 Moderate drought,14.2
2015-05-19,D1,D1 Moderate drought,13.73
2015-05-26,D1,D1 Moderate drought,10.21
2015-06-02,D1,D1 Moderate drought,8.73
2015-06-09,D1,D1 Moderate drought,8.06
2015-06-16,D1,D1 Moderate drought,9.28
2015-06-23,D1,D1 Moderate drought,10.01
2015-06-30,D1,D1 Moderate drought,10.25
2015-07-07,D1,D1 Moderate drought,10.24
2015-07-14,D1,D1 Moderate drought,10.48
2015-07-21,D1,D1 Moderate drought,10.9
2015-07-28,D1,D1 Moderate drought,10.44
2015-08-04,D1,D1 Moderate drought,11.4
2015-08-11,D1,D1 Moderate drought,12.54
2015-08-18,D1,D1 Moderate drought,12.66
2015-08-25,D1,D1 Moderate drought,12.83
2015-09-01,D1,D1 Moderate drought,12.71
2015-09-08,D1,D1 Moderate drought,11.71
2015-09-15,D1,D1 Moderate drought,11.6
2015-09-22,D1,D1 Moderate drought,10.36
2015-09-29,D1,D1 Moderate drought,10
2015-10-06,D1,D1 Moderate drought,8.47
2015-10-13,D1,D1 Moderate drought,8.46
2015-10-20,D1,D1 Moderate drought,9.66
2015-10-27,D1,D1 Moderate drought,10.92
2015-11-03,D1,D1 Moderate drought,8.96
2015-11-10,D1,D1 Moderate drought,8.31
2015-11-17,D1,D1 Moderate drought,6.63
2015-11-24,D1,D1 Moderate drought,5.93
2015-12-01,D1,D1 Moderate drought,4.95
2015-12-08,D1,D1 Moderate drought,4.88
2015-12-15,D1,D1 Moderate drought,5.45
2015-12-22,D1,D1 Moderate drought,5.6
2015-12-29,D1,D1 Moderate drought,6.03
2016-01-05,D1,D1 Moderate drought,7.03
2016-01-12,D1,D1 Moderate drought,6.14
2016-01-19,D1,D1 Moderate drought,6.61
2016-01-26,D1,D1 Moderate drought,5.87
2016-02-02,D1,D1 Moderate drought,5.95
2016-02-09,D1,D1 Moderate drought,6.02
2016-02-16,D1,D1 Moderate drought,6.23
2016-02-23,D1,D1 Moderate drought,5.82
2016-03-01,D1,D1 Moderate drought,5.56
2016-03-08,D1,D1 Moderate drought,4.32
2016-03-15,D1,D1 Moderate drought,5.1
2016-03-22,D1,D1 Moderate drought,6.98
2016-03-29,D1,D1 Moderate drought,7.84
2016-04-05,D1,D1 Moderate drought,9.06
2016-04-12,D1,D1 Moderate drought,9.79
2016-04-19,D1,D1 Moderate drought,8
2016-04-26,D1,D1 Moderate drought,7.99
2016-05-03,D1,D1 Moderate drought,7.63
2016-05-10,D1,D1 Moderate drought,7.81
2016-05-17,D1,D1 Moderate drought,7.63
2016-05-24,D1,D1 Moderate drought,7.79
2016-05-31,D1,D1 Moderate drought,7.18
2016-06-07,D1,D1 Moderate drought,7.35
2016-06-14,D1,D1 Moderate drought,7.59
2016-06-21,D1,D1 Moderate drought,8.21
2016-06-28,D1,D1 Moderate drought,9.04
2016-07-05,D1,D1 Moderate drought,9.84
2016-07-12,D1,D1 Moderate drought,9.64
2016-07-19,D1,D1 Moderate drought,10.06
2016-07-26,D1,D1 Moderate drought,11.41
2016-08-02,D1,D1 Moderate drought,11.58
2016-08-09,D1,D1 Moderate drought,11.38
2016-08-16,D1,D1 Moderate drought,10.18
2016-08-23,D1,D1 Moderate drought,10.06
2016-08-30,D1,D1 Moderate drought,10.24
2016-09-06,D1,D1 Moderate drought,9.82
2016-09-13,D1,D1 Moderate drought,8.88
2016-09-20,D1,D1 Moderate drought,9.25
2016-09-27,D1,D1 Moderate drought,9.07
2016-10-04,D1,D1 Moderate drought,9.25
2016-10-11,D1,D1 Moderate drought,9.57
2016-10-18,D1,D1 Moderate drought,10.4
2016-10-25,D1,D1 Moderate drought,11.43
2016-11-01,D1,D1 Moderate drought,13.24
2016-11-08,D1,D1 Moderate drought,13.35
2016-11-15,D1,D1 Moderate drought,13.11
2016-11-22,D1,D1 Moderate drought,11.76
2016-11-29,D1,D1 Moderate drought,12.42
2016-12-06,D1,D1 Moderate drought,13.72
2016-12-13,D1,D1 Moderate drought,14.15
2016-12-20,D1,D1 Moderate drought,14.68
2016-12-27,D1,D1 Moderate drought,11.66
2017-01-03,D1,D1 Moderate drought,11.62
2017-01-10,D1,D1 Moderate drought,10.75
2017-01-17,D1,D1 Moderate drought,10.43
2017-01-24,D1,D1 Moderate drought,9.75
2017-01-31,D1,D1 Moderate drought,8.95
2017-02-07,D1,D1 Moderate drought,9.08
2017-02-14,D1,D1 Moderate drought,8.67
2017-02-21,D1,D1 Moderate drought,8.75
2017-02-28,D1,D1 Moderate drought,8.7
2017-03-07,D1,D1 Moderate drought,9.15
2017-03-14,D1,D1 Moderate drought,9.44
2017-03-21,D1,D1 Moderate drought,10.27
2017-03-28,D1,D1 Moderate drought,9.52
2017-04-04,D1,D1 Moderate drought,6.98
2017-04-11,D1,D1 Moderate drought,5.65
2017-04-18,D1,D1 Moderate drought,5.67
2017-04-25,D1,D1 Moderate drought,4.23
2017-05-02,D1,D1 Moderate drought,3.1
2017-05-09,D1,D1 Moderate drought,3.31
2017-05-16,D1,D1 Moderate drought,3.58
2017-05-23,D1,D1 Moderate drought,2.8
2017-05-30,D1,D1 Moderate drought,3.52
2017-06-06,D1,D1 Moderate drought,6.46
2017-06-13,D1,D1 Moderate drought,5.75
2017-06-20,D1,D1 Moderate drought,5.42
2017-06-27,D1,D1 Moderate drought,5.03
2017-07-04,D1,D1 Moderate drought,4.92
2017-07-11,D1,D1 Moderate drought,5.5
2017-07-18,D1,D1 Moderate drought,6.04
2017-07-25,D1,D1 Moderate drought,6.03
2017-08-01,D1,D1 Moderate drought,6.65
2017-08-08,D1,D1 Moderate drought,5.11
2017-08-15,D1,D1 Moderate drought,5.1
2017-08-22,D1,D1 Moderate drought,5.62
2017-08-29,D1,D1 Moderate drought,5.18
2017-09-05,D1,D1 Moderate drought,6.45
2017-09-12,D1,D1 Moderate drought,8.31
2017-09-19,D1,D1 Moderate drought,8.36
2017-09-26,D1,D1 Moderate drought,7.46
2017-10-03,D1,D1 Moderate drought,8.14
2017-10-10,D1,D1 Moderate drought,8.52
2017-10-17,D1,D1 Moderate drought,8.04
2017-10-24,D1,D1 Moderate drought,7.9
2017-10-31,D1,D1 Moderate drought,7.81
2017-11-07,D1,D1 Moderate drought,7.64
2017-11-14,D1,D1 Moderate drought,8.01
2017-11-21,D1,D1 Moderate drought,9.43
2017-11-28,D1,D1 Moderate drought,13.62
2017-12-05,D1,D1 Moderate drought,15.33
2017-12-12,D1,D1 Moderate drought,14.54
2017-12-19,D1,D1 Moderate drought,16.09
2017-12-26,D1,D1 Moderate drought,17.93
2018-01-02,D1,D1 Moderate drought,16.94
2018-01-09,D1,D1 Moderate drought,19.54
2018-01-16,D1,D1 Moderate drought,19.24
2018-01-23,D1,D1 Moderate drought,18.22
2018-01-30,D1,D1 Moderate drought,17.73
2018-02-06,D1,D1 Moderate drought,17.73
2018-02-13,D1,D1 Moderate drought,15.3
2018-02-20,D1,D1 Moderate drought,15.64
2018-02-27,D1,D1 Moderate drought,14.19
2018-03-06,D1,D1 Moderate drought,13.01
2018-03-13,D1,D1 Moderate drought,12.74
2018-03-20,D1,D1 Moderate drought,12.41
2018-03-27,D1,D1 Moderate drought,12.47
2018-04-03,D1,D1 Moderate drought,11.34
2018-04-10,D1,D1 Moderate drought,11.3
2018-04-17,D1,D1 Moderate drought,10.9
2018-04-24,D1,D1 Moderate drought,10.56
2018-05-01,D1,D1 Moderate drought,10.26
2018-05-08,D1,D1 Moderate drought,9.81
2018-05-15,D1,D1 Moderate drought,9.67
2018-05-22,D1,D1 Moderate drought,8.25
2018-05-29,D1,D1 Moderate drought,7.94
2018-06-05,D1,D1 Moderate drought,8.37
2018-06-12,D1,D1 Moderate drought,9.1
2018-06-19,D1,D1 Moderate drought,8.85
2018-06-26,D1,D1 Moderate drought,10.74
2018-07-03,D1,D1 Moderate drought,10.92
2018-07-10,D1,D1 Moderate drought,11.63
2018-07-17,D1,D1 Moderate drought,12.29
2018-07-24,D1,D1 Moderate drought,11.22
2018-07-31,D1,D1 Moderate drought,12.73
2018-08-07,D1,D1 Moderate drought,12.62
2018-08-14,D1,D1 Moderate drought,13.97
2018-08-21,D1,D1 Moderate drought,13.78
2018-08-28,D1,D1 Moderate drought,13
2018-09-04,D1,D1 Moderate drought,13.34
2018-09-11,D1,D1 Moderate drought,11.83
2018-09-18,D1,D1 Moderate drought,12
2018-09-25,D1,D1 Moderate drought,10.14
2018-10-02,D1,D1 Moderate drought,10.02
2018-10-09,D1,D1 Moderate drought,9.89
2018-10-16,D1,D1 Moderate drought,8.85
2018-10-23,D1,D1 Moderate drought,8.97
2018-10-30,D1,D1 Moderate drought,7.93
2018-11-06,D1,D1 Moderate drought,7.92
2018-11-13,D1,D1 Moderate drought,7.88
2018-11-20,D1,D1 Moderate drought,9.2
2018-11-27,D1,D1 Moderate drought,9.6
2018-12-04,D1,D1 Moderate drought,9.1
2018-12-11,D1,D1 Moderate drought,9.65
2018-12-18,D1,D1 Moderate drought,9.68
2018-12-25,D1,D1 Moderate drought,9.67
2019-01-01,D1,D1 Moderate drought,9.56
2019-01-08,D1,D1 Moderate drought,9.53
2019-01-15,D1,D1 Moderate drought,9.95
2019-01-22,D1,D1 Moderate drought,10.18
2019-01-29,D1,D1 Moderate drought,8.46
2019-02-05,D1,D1 Moderate drought,7.83
2019-02-12,D1,D1 Moderate drought,8.17
2019-02-19,D1,D1 Moderate drought,8.07
2019-02-26,D1,D1 Moderate drought,7.12
2019-03-05,D1,D1 Moderate drought,7.79
2019-03-12,D1,D1 Moderate drought,4.26
2019-03-19,D1,D1 Moderate drought,3.34
2019-03-26,D1,D1 Moderate drought,3.66
2019-04-02,D1,D1 Moderate drought,4.38
2019-04-09,D1,D1 Moderate drought,3.45
2019-04-16,D1,D1 Moderate drought,2.92
2019-04-23,D1,D1 Moderate drought,2.04
2019-04-30,D1,D1 Moderate drought,2.12
2019-05-07,D1,D1 Moderate drought,2.33
2019-05-14,D1,D1 Moderate drought,2.22
2019-05-21,D1,D1 Moderate drought,2.44
2019-05-28,D1,D1 Moderate drought,3.05
2019-06-04,D1,D1 Moderate drought,4.27
2019-06-11,D1,D1 Moderate drought,3.45
2019-06-18,D1,D1 Moderate drought,3.22
2019-06-25,D1,D1 Moderate drought,2.5
2019-07-02,D1,D1 Moderate drought,2.48
2019-07-09,D1,D1 Moderate drought,2.82
2019-07-16,D1,D1 Moderate drought,5.69
2019-07-23,D1,D1 Moderate drought,5.25
2019-07-30,D1,D1 Moderate drought,5.62
2019-08-06,D1,D1 Moderate drought,4.79
2019-08-13,D1,D1 Moderate drought,5.41
2019-08-20,D1,D1 Moderate drought,6.16
2019-08-27,D1,D1 Moderate drought,8.21
2019-09-03,D1,D1 Moderate drought,8.99
2019-09-10,D1,D1 Moderate drought,10.82
2019-09-17,D1,D1 Moderate drought,9.82
2019-09-24,D1,D1 Moderate drought,12.51
2019-10-01,D1,D1 Moderate drought,11.66
2019-10-08,D1,D1 Moderate drought,11.22
2019-10-15,D1,D1 Moderate drought,10.53
2019-10-22,D1,D1 Moderate drought,10.91
2019-10-29,D1,D1 Moderate drought,9.08
2019-11-05,D1,D1 Moderate drought,8.47
2019-11-12,D1,D1 Moderate drought,7.99
2019-11-19,D1,D1 Moderate drought,7.36
2019-11-26,D1,D1 Moderate drought,7.15
2019-12-03,D1,D1 Moderate drought,6.06
2019-12-10,D1,D1 Moderate drought,5.73
2019-12-17,D1,D1 Moderate drought,7.33
2019-12-24,D1,D1 Moderate drought,6.95
2019-12-31,D1,D1 Moderate drought,6.32
2020-01-07,D1,D1 Moderate drought,6.83
2020-01-14,D1,D1 Moderate drought,6.51
2020-01-21,D1,D1 Moderate drought,6.76
2020-01-28,D1,D1 Moderate drought,7.19
2020-02-04,D1,D1 Moderate drought,6.82
2020-02-11,D1,D1 Moderate drought,6.72
2020-02-18,D1,D1 Moderate drought,5.9
2020-02-25,D1,D1 Moderate drought,6.62
2020-03-03,D1,D1 Moderate drought,7.53
2020-03-10,D1,D1 Moderate drought,8.58
2020-03-17,D1,D1 Moderate drought,8.11
2020-03-24,D1,D1 Moderate drought,7.54
2020-03-31,D1,D1 Moderate drought,9.61
2020-04-07,D1,D1 Moderate drought,10.05
2020-04-14,D1,D1 Moderate drought,8.51
2020-04-21,D1,D1 Moderate drought,7.55
2020-04-28,D1,D1 Moderate drought,7.61
2020-05-05,D1,D1 Moderate drought,8.2
2020-05-12,D1,D1 Moderate drought,8.63
2020-05-19,D1,D1 Moderate drought,9.7
2020-05-26,D1,D1 Moderate drought,9.49
2020-06-02,D1,D1 Moderate drought,10.25
2020-06-09,D1,D1 Moderate drought,10.83
2020-06-16,D1,D1 Moderate drought,11.3
2020-06-23,D1,D1 Moderate drought,13.1
2020-06-30,D1,D1 Moderate drought,12.61
2020-07-07,D1,D1 Moderate drought,12.42
2020-07-14,D1,D1 Moderate drought,13.34
2020-07-21,D1,D1 Moderate drought,16.04
2020-07-28,D1,D1 Moderate drought,15.63
2020-08-04,D1,D1 Moderate drought,15.3
2020-08-11,D1,D1 Moderate drought,15.39
2020-08-18,D1,D1 Moderate drought,13.84
2020-08-25,D1,D1 Moderate drought,12.81
2020-09-01,D1,D1 Moderate drought,12.58
2020-09-08,D1,D1 Moderate drought,11.66
2020-09-15,D1,D1 Moderate drought,11.82
2020-09-22,D1,D1 Moderate drought,11.78
2020-09-29,D1,D1 Moderate drought,12.89
2020-10-06,D1,D1 Moderate drought,12.91
2020-10-13,D1,D1 Moderate drought,14.31
2020-10-20,D1,D1 Moderate drought,14.86
2020-10-27,D1,D1 Moderate drought,13.78
2020-11-03,D1,D1 Moderate drought,13.76
2020-11-10,D1,D1 Moderate drought,13.44
2020-11-17,D1,D1 Moderate drought,13.83
2020-11-24,D1,D1 Moderate drought,13.88
2020-12-01,D1,D1 Moderate drought,13.51
2020-12-08,D1,D1 Moderate drought,13.07
2020-12-15,D1,D1 Moderate drought,12.73
2020-12-22,D1,D1 Moderate drought,12.87
2020-12-29,D1,D1 Moderate drought,12.36
2021-01-05,D1,D1 Moderate drought,10.78
2021-01-12,D1,D1 Moderate drought,10.35
2021-01-19,D1,D1 Moderate drought,10.53
2021-01-26,D1,D1 Moderate drought,11.33
2021-02-02,D1,D1 Moderate drought,11.96
2021-02-09,D1,D1 Moderate drought,12.26
2021-02-16,D1,D1 Moderate drought,12.57
2021-02-23,D1,D1 Moderate drought,12.31
2021-03-02,D1,D1 Moderate drought,13.11
2021-03-09,D1,D1 Moderate drought,12.65
2021-03-16,D1,D1 Moderate drought,11.8
2021-03-23,D1,D1 Moderate drought,11.48
2021-03-30,D1,D1 Moderate drought,11.96
2021-04-06,D1,D1 Moderate drought,12
2021-04-13,D1,D1 Moderate drought,11.85
2021-04-20,D1,D1 Moderate drought,12.91
2021-04-27,D1,D1 Moderate drought,13.29
2021-05-04,D1,D1 Moderate drought,11.98
2021-05-11,D1,D1 Moderate drought,11.94
2021-05-18,D1,D1 Moderate drought,11.03
2021-05-25,D1,D1 Moderate drought,11.11
2021-06-01,D1,D1 Moderate drought,11.07
2021-06-08,D1,D1 Moderate drought,11.05
2021-06-15,D1,D1 Moderate drought,10.99
2021-06-22,D1,D1 Moderate drought,10.87
2021-06-29,D1,D1 Moderate drought,9.68
2021-07-06,D1,D1 Moderate drought,8.93
2021-07-13,D1,D1 Moderate drought,7.92
2021-07-20,D1,D1 Moderate drought,8.32
2021-07-27,D1,D1 Moderate drought,7.63
2021-08-03,D1,D1 Moderate drought,7.35
2021-08-10,D1,D1 Moderate drought,7.33
2021-08-17,D1,D1 Moderate drought,8.11
2021-08-24,D1,D1 Moderate drought,7.81
2021-08-31,D1,D1 Moderate drought,8.42
2021-09-07,D1,D1 Moderate drought,8.33
2021-09-14,D1,D1 Moderate drought,8.34
2021-09-21,D1,D1 Moderate drought,9.39
2021-09-28,D1,D1 Moderate drought,9.44
2021-10-05,D1,D1 Moderate drought,9.22
2021-10-12,D1,D1 Moderate drought,10.08
2021-10-19,D1,D1 Moderate drought,10.74
2021-10-26,D1,D1 Moderate drought,11.33
2021-11-02,D1,D1 Moderate drought,12.46
2021-11-09,D1,D1 Moderate drought,12.98
2021-11-16,D1,D1 Moderate drought,13.65
2021-11-23,D1,D1 Moderate drought,14.7
2021-11-30,D1,D1 Moderate drought,15.38
2021-12-07,D1,D1 Moderate drought,15.48
2021-12-14,D1,D1 Moderate drought,15.49
2021-12-21,D1,D1 Moderate drought,15.5
2021-12-28,D1,D1 Moderate drought,15.93
2022-01-04,D1,D1 Moderate drought,16.47
2022-01-11,D1,D1 Moderate drought,16.43
2022-01-18,D1,D1 Moderate drought,15.98
2022-01-25,D1,D1 Moderate drought,15.74
2022-02-01,D1,D1 Moderate drought,15.81
2022-02-08,D1,D1 Moderate drought,16.92
2022-02-15,D1,D1 Moderate drought,17.44
2022-02-22,D1,D1 Moderate drought,17.87
2022-03-01,D1,D1 Moderate drought,16.18
2022-03-08,D1,D1 Moderate drought,16.24
2022-03-15,D1,D1 Moderate drought,15.61
2022-03-22,D1,D1 Moderate drought,14.68
2022-03-29,D1,D1 Moderate drought,14.03
2022-04-05,D1,D1 Moderate drought,11.85
2022-04-12,D1,D1 Moderate drought,11.35
2022-04-19,D1,D1 Moderate drought,10.39
2022-04-26,D1,D1 Moderate drought,10
2022-05-03,D1,D1 Moderate drought,11.15
2022-05-10,D1,D1 Moderate drought,11.13
2022-05-17,D1,D1 Moderate drought,10.6
2022-05-24,D1,D1 Moderate drought,9.67
2022-05-31,D1,D1 Moderate drought,10.49
2022-06-07,D1,D1 Moderate drought,11.36
2022-06-14,D1,D1 Moderate drought,11.82
2022-06-21,D1,D1 Moderate drought,12.34
2022-06-28,D1,D1 Moderate drought,14.93
2022-07-05,D1,D1 Moderate drought,16.73
2022-07-12,D1,D1 Moderate drought,17.79
2022-07-19,D1,D1 Moderate drought,14.46
2022-07-26,D1,D1 Moderate drought,12.61
2022-08-02,D1,D1 Moderate drought,12.19
2022-08-09,D1,D1 Moderate drought,11.65
2022-08-16,D1,D1 Moderate drought,12.1
2022-08-23,D1,D1 Moderate drought,11.91
2022-08-30,D1,D1 Moderate drought,12.51
2022-09-06,D1,D1 Moderate drought,12.72
2022-09-13,D1,D1 Moderate drought,13.46
2022-09-20,D1,D1 Moderate drought,16.09
2022-09-27,D1,D1 Moderate drought,17.29
2022-10-04,D1,D1 Moderate drought,16.89
2022-10-11,D1,D1 Moderate drought,18.72
2022-10-18,D1,D1 Moderate drought,20.89
2022-10-25,D1,D1 Moderate drought,22.53
2022-11-01,D1,D1 Moderate drought,22.13
2022-11-08,D1,D1 Moderate drought,21.34
2022-11-15,D1,D1 Moderate drought,21.89
2022-11-22,D1,D1 Moderate drought,21.97
2022-11-29,D1,D1 Moderate drought,21.22
2022-12-06,D1,D1 Moderate drought,20.41
2022-12-13,D1,D1 Moderate drought,19.33
2022-12-20,D1,D1 Moderate drought,17.64
2022-12-27,D1,D1 Moderate drought,17.92
2023-01-03,D1,D1 Moderate drought,16.74
2023-01-10,D1,D1 Moderate drought,16.68
2023-01-17,D1,D1 Moderate drought,17.3
2023-01-24,D1,D1 Moderate drought,17.87
2023-01-31,D1,D1 Moderate drought,17.8
2023-02-07,D1,D1 Moderate drought,18.6
2023-02-14,D1,D1 Moderate drought,18.74
2023-02-21,D1,D1 Moderate drought,19.44
2023-02-28,D1,D1 Moderate drought,17.67
2023-03-07,D1,D1 Moderate drought,17.47
2023-03-14,D1,D1 Moderate drought,16.76
2023-03-21,D1,D1 Moderate drought,16.6
2023-03-28,D1,D1 Moderate drought,14.04
2023-04-04,D1,D1 Moderate drought,12.42
2023-04-11,D1,D1 Moderate drought,11.21
2023-04-18,D1,D1 Moderate drought,11.19
2023-04-25,D1,D1 Moderate drought,11.35
2023-05-02,D1,D1 Moderate drought,10.6
2023-05-09,D1,D1 Moderate drought,9.93
2023-05-16,D1,D1 Moderate drought,9.07
2023-05-23,D1,D1 Moderate drought,8.61
2023-05-30,D1,D1 Moderate drought,9.04
2023-06-06,D1,D1 Moderate drought,12.34
2023-06-13,D1,D1 Moderate drought,15.13
2023-06-20,D1,D1 Moderate drought,15.98
2023-06-27,D1,D1 Moderate drought,14.87
2023-07-04,D1,D1 Moderate drought,14.74
2023-07-11,D1,D1 Moderate drought,14.59
2023-07-18,D1,D1 Moderate drought,14.46
2023-07-25,D1,D1 Moderate drought,14.5
2023-08-01,D1,D1 Moderate drought,14.53
2023-08-08,D1,D1 Moderate drought,15.77
2023-08-15,D1,D1 Moderate drought,15.16
2023-08-22,D1,D1 Moderate drought,12.94
2023-08-29,D1,D1 Moderate drought,12.83
2023-09-05,D1,D1 Moderate drought,11.93
2023-09-12,D1,D1 Moderate drought,11.78
2023-09-19,D1,D1 Moderate drought,12.08
2023-09-26,D1,D1 Moderate drought,13.31
2023-10-03,D1,D1 Moderate drought,14.21
2023-10-10,D1,D1 Moderate drought,14.63
2023-10-17,D1,D1 Moderate drought,14.3
2023-10-24,D1,D1 Moderate drought,13.53
2023-10-31,D1,D1 Moderate drought,13.03
2023-11-07,D1,D1 Moderate drought,13.22
2023-11-14,D1,D1 Moderate drought,13.39
2023-11-21,D1,D1 Moderate drought,13.34
2023-11-28,D1,D1 Moderate drought,13.16
2023-12-05,D1,D1 Moderate drought,13
2023-12-12,D1,D1 Moderate drought,12.71
2023-12-19,D1,D1 Moderate drought,12.64
2023-12-26,D1,D1 Moderate drought,13.08
2000-01-04,D2,D2 Severe drought,7.9
2000-01-11,D2,D2 Severe drought,8.27
2000-01-18,D2,D2 Severe drought,8.67
2000-01-25,D2,D2 Severe drought,8.45
2000-02-01,D2,D2 Severe drought,8.53
2000-02-08,D2,D2 Severe drought,9.22
2000-02-15,D2,D2 Severe drought,9.13
2000-02-22,D2,D2 Severe drought,9.15
2000-02-29,D2,D2 Severe drought,11.75
2000-03-07,D2,D2 Severe drought,12.6
2000-03-14,D2,D2 Severe drought,13.43
2000-03-21,D2,D2 Severe drought,13.06
2000-03-28,D2,D2 Severe drought,10.42
2000-04-04,D2,D2 Severe drought,12.08
2000-04-11,D2,D2 Severe drought,11.43
2000-04-18,D2,D2 Severe drought,12.2
2000-04-25,D2,D2 Severe drought,9.67
2000-05-02,D2,D2 Severe drought,9.66
2000-05-09,D2,D2 Severe drought,9.34
2000-05-16,D2,D2 Severe drought,10.52
2000-05-23,D2,D2 Severe drought,8.84
2000-05-30,D2,D2 Severe drought,7.23
2000-06-06,D2,D2 Severe drought,6.18
2000-06-13,D2,D2 Severe drought,5.77
2000-06-20,D2,D2 Severe drought,6.24
2000-06-27,D2,D2 Severe drought,6.74
2000-07-04,D2,D2 Severe drought,3.3
2000-07-11,D2,D2 Severe drought,2.95
2000-07-18,D2,D2 Severe drought,2.85
2000-07-25,D2,D2 Severe drought,3.52
2000-08-01,D2,D2 Severe drought,4.61
2000-08-08,D2,D2 Severe drought,5.32
2000-08-15,D2,D2 Severe drought,7.26
2000-08-22,D2,D2 Severe drought,7.17
2000-08-29,D2,D2 Severe drought,7.5
2000-09-05,D2,D2 Severe drought,9.47
2000-09-12,D2,D2 Severe drought,12.84
2000-09-19,D2,D2 Severe drought,14.9
2000-09-26,D2,D2 Severe drought,14.3
2000-10-03,D2,D2 Severe drought,16.06
2000-10-10,D2,D2 Severe drought,15.42
2000-10-17,D2,D2 Severe drought,12.67
2000-10-24,D2,D2 Severe drought,8
2000-10-31,D2,D2 Severe drought,6.61
2000-11-07,D2,D2 Severe drought,4.14
2000-11-14,D2,D2 Severe drought,5.1
2000-11-21,D2,D2 Severe drought,6.73
2000-11-28,D2,D2 Severe drought,6.96
2000-12-05,D2,D2 Severe drought,6.89
2000-12-12,D2,D2 Severe drought,6.84
2000-12-19,D2,D2 Severe drought,5.55
2000-12-26,D2,D2 Severe drought,5.48
2001-01-02,D2,D2 Severe drought,4.34
2001-01-09,D2,D2 Severe drought,4.27
2001-01-16,D2,D2 Severe drought,3.84
2001-01-23,D2,D2 Severe drought,3.97
2001-01-30,D2,D2 Severe drought,3.45
2001-02-06,D2,D2 Severe drought,3.71
2001-02-13,D2,D2 Severe drought,3.37
2001-02-20,D2,D2 Severe drought,3.31
2001-02-27,D2,D2 Severe drought,3.31
2001-03-06,D2,D2 Severe drought,3.22
2001-03-13,D2,D2 Severe drought,6.58
2001-03-20,D2,D2 Severe drought,7.06
2001-03-27,D2,D2 Severe drought,7.1
2001-04-03,D2,D2 Severe drought,7.27
2001-04-10,D2,D2 Severe drought,7.28
2001-04-17,D2,D2 Severe drought,7.24
2001-04-24,D2,D2 Severe drought,7.34
2001-05-01,D2,D2 Severe drought,7.44
2001-05-08,D2,D2 Severe drought,9.37
2001-05-15,D2,D2 Severe drought,10.48
2001-05-22,D2,D2 Severe drought,9.02
2001-05-29,D2,D2 Severe drought,9.31
2001-06-05,D2,D2 Severe drought,9.02
2001-06-12,D2,D2 Severe drought,8.93
2001-06-19,D2,D2 Severe drought,10.52
2001-06-26,D2,D2 Severe drought,12.04
2001-07-03,D2,D2 Severe drought,11.54
2001-07-10,D2,D2 Severe drought,10.86
2001-07-17,D2,D2 Severe drought,11.84
2001-07-24,D2,D2 Severe drought,11.29
2001-07-31,D2,D2 Severe drought,10.49
2001-08-07,D2,D2 Severe drought,11.07
2001-08-14,D2,D2 Severe drought,11.37
2001-08-21,D2,D2 Severe drought,10.05
2001-08-28,D2,D2 Severe drought,9.57
2001-09-04,D2,D2 Severe drought,8.38
2001-09-11,D2,D2 Severe drought,8.83
2001-09-18,D2,D2 Severe drought,8.83
2001-09-25,D2,D2 Severe drought,8.7
2001-10-02,D2,D2 Severe drought,7.78
2001-10-09,D2,D2 Severe drought,7.48
2001-10-16,D2,D2 Severe drought,7.65
2001-10-23,D2,D2 Severe drought,8.12
2001-10-30,D2,D2 Severe drought,9.14
2001-11-06,D2,D2 Severe drought,9.11
2001-11-13,D2,D2 Severe drought,9.81
2001-11-20,D2,D2 Severe drought,11.3
2001-11-27,D2,D2 Severe drought,10.86
2001-12-04,D2,D2 Severe drought,11.92
2001-12-11,D2,D2 Severe drought,11.04
2001-12-18,D2,D2 Severe drought,12.02
2001-12-25,D2,D2 Severe drought,12.09
2002-01-01,D2,D2 Severe drought,11.67
2002-01-08,D2,D2 Severe drought,11.67
2002-01-15,D2,D2 Severe drought,10.44
2002-01-22,D2,D2 Severe drought,10.12
2002-01-29,D2,D2 Severe drought,9.52
2002-02-05,D2,D2 Severe drought,9.19
2002-02-12,D2,D2 Severe drought,9.44
2002-02-19,D2,D2 Severe drought,9.3
2002-02-26,D2,D2 Severe drought,10.32
2002-03-05,D2,D2 Severe drought,10.44
2002-03-12,D2,D2 Severe drought,12.36
2002-03-19,D2,D2 Severe drought,11.25
2002-03-26,D2,D2 Severe drought,14.15
2002-04-02,D2,D2 Severe drought,16.05
2002-04-09,D2,D2 Severe drought,16.85
2002-04-16,D2,D2 Severe drought,17.28
2002-04-23,D2,D2 Severe drought,17.07
2002-04-30,D2,D2 Severe drought,15.91
2002-05-07,D2,D2 Severe drought,16.94
2002-05-14,D2,D2 Severe drought,12.46
2002-05-21,D2,D2 Severe drought,11.3
2002-05-28,D2,D2 Severe drought,11.11
2002-06-04,D2,D2 Severe drought,10.99
2002-06-11,D2,D2 Severe drought,11.42
2002-06-18,D2,D2 Severe drought,11.58
2002-06-25,D2,D2 Severe drought,11.32
2002-07-02,D2,D2 Severe drought,11.48
2002-07-09,D2,D2 Severe drought,10.55
2002-07-16,D2,D2 Severe drought,10.63
2002-07-23,D2,D2 Severe drought,11.16
2002-07-30,D2,D2 Severe drought,10.15
2002-08-06,D2,D2 Severe drought,10.5
2002-08-13,D2,D2 Severe drought,9.97
2002-08-20,D2,D2 Severe drought,9.53
2002-08-27,D2,D2 Severe drought,9.85
2002-09-03,D2,D2 Severe drought,12.28
2002-09-10,D2,D2 Severe drought,14.63
2002-09-17,D2,D2 Severe drought,14.35
2002-09-24,D2,D2 Severe drought,14.13
2002-10-01,D2,D2 Severe drought,12.98
2002-10-08,D2,D2 Severe drought,12.96
2002-10-15,D2,D2 Severe drought,12.86
2002-10-22,D2,D2 Severe drought,12.45
2002-10-29,D2,D2 Severe drought,12.17
2002-11-05,D2,D2 Severe drought,12.87
2002-11-12,D2,D2 Severe drought,10.89
2002-11-19,D2,D2 Severe drought,10.62
2002-11-26,D2,D2 Severe drought,10.6
2002-12-03,D2,D2 Severe drought,11.15
2002-12-10,D2,D2 Severe drought,14.29
2002-12-17,D2,D2 Severe drought,14.1
2002-12-24,D2,D2 Severe drought,13.99
2002-12-31,D2,D2 Severe drought,13.43
2003-01-07,D2,D2 Severe drought,12.46
2003-01-14,D2,D2 Severe drought,11.55
2003-01-21,D2,D2 Severe drought,10.18
2003-01-28,D2,D2 Severe drought,10.06
2003-02-04,D2,D2 Severe drought,9.59
2003-02-11,D2,D2 Severe drought,10.15
2003-02-18,D2,D2 Severe drought,9.86
2003-02-25,D2,D2 Severe drought,10.49
2003-03-04,D2,D2 Severe drought,10.55
2003-03-11,D2,D2 Severe drought,10.91
2003-03-18,D2,D2 Severe drought,10.44
2003-03-25,D2,D2 Severe drought,11.46
2003-04-01,D2,D2 Severe drought,11.42
2003-04-08,D2,D2 Severe drought,10.36
2003-04-15,D2,D2 Severe drought,10.66
2003-04-22,D2,D2 Severe drought,10.74
2003-04-29,D2,D2 Severe drought,12.74
2003-05-06,D2,D2 Severe drought,10.51
2003-05-13,D2,D2 Severe drought,9.07
2003-05-20,D2,D2 Severe drought,12.82
2003-05-27,D2,D2 Severe drought,11.97
2003-06-03,D2,D2 Severe drought,12.1
2003-06-10,D2,D2 Severe drought,11.44
2003-06-17,D2,D2 Severe drought,9.32
2003-06-24,D2,D2 Severe drought,9.56
2003-07-01,D2,D2 Severe drought,9.16
2003-07-08,D2,D2 Severe drought,9.08
2003-07-15,D2,D2 Severe drought,9.46
2003-07-22,D2,D2 Severe drought,9.42
2003-07-29,D2,D2 Severe drought,11.58
2003-08-05,D2,D2 Severe drought,12.72
2003-08-12,D2,D2 Severe drought,14.38
2003-08-19,D2,D2 Severe drought,14.04
2003-08-26,D2,D2 Severe drought,15.38
2003-09-02,D2,D2 Severe drought,14.5
2003-09-09,D2,D2 Severe drought,16.45
2003-09-16,D2,D2 Severe drought,14.49
2003-09-23,D2,D2 Severe drought,14.22
2003-09-30,D2,D2 Severe drought,13.63
2003-10-07,D2,D2 Severe drought,14.15
2003-10-14,D2,D2 Severe drought,13.93
2003-10-21,D2,D2 Severe drought,14.51
2003-10-28,D2,D2 Severe drought,14.09
2003-11-04,D2,D2 Severe drought,13.03
2003-11-11,D2,D2 Severe drought,13.14
2003-11-18,D2,D2 Severe drought,13.42
2003-11-25,D2,D2 Severe drought,13.36
2003-12-02,D2,D2 Severe drought,13.68
2003-12-09,D2,D2 Severe drought,13.84
2003-12-16,D2,D2 Severe drought,13.69
2003-12-23,D2,D2 Severe drought,13.58
2003-12-30,D2,D2 Severe drought,14.86
2004-01-06,D2,D2 Severe drought,13.62
2004-01-13,D2,D2 Severe drought,13.21
2004-01-20,D2,D2 Severe drought,13.1
2004-01-27,D2,D2 Severe drought,12.88
2004-02-03,D2,D2 Severe drought,13.26
2004-02-10,D2,D2 Severe drought,13.52
2004-02-17,D2,D2 Severe drought,13.63
2004-02-24,D2,D2 Severe drought,13.4
2004-03-02,D2,D2 Severe drought,13.14
2004-03-09,D2,D2 Severe drought,12.58
2004-03-16,D2,D2 Severe drought,12.31
2004-03-23,D2,D2 Severe drought,12.14
2004-03-30,D2,D2 Severe drought,11.74
2004-04-06,D2,D2 Severe drought,12.54
2004-04-13,D2,D2 Severe drought,12.43
2004-04-20,D2,D2 Severe drought,12.62
2004-04-27,D2,D2 Severe drought,12.84
2004-05-04,D2,D2 Severe drought,12.27
2004-05-11,D2,D2 Severe drought,12.21
2004-05-18,D2,D2 Severe drought,11.11
2004-05-25,D2,D2 Severe drought,10.83
2004-06-01,D2,D2 Severe drought,10.81
2004-06-08,D2,D2 Severe drought,11
2004-06-15,D2,D2 Severe drought,10.78
2004-06-22,D2,D2 Severe drought,10.96
2004-06-29,D2,D2 Severe drought,10.44
2004-07-06,D2,D2 Severe drought,10.76
2004-07-13,D2,D2 Severe drought,11.34
2004-07-20,D2,D2 Severe drought,11.32
2004-07-27,D2,D2 Severe drought,10.83
2004-08-03,D2,D2 Severe drought,10.95
2004-08-10,D2,D2 Severe drought,10.42
2004-08-17,D2,D2 Severe drought,9.73
2004-08-24,D2,D2 Severe drought,9.54
2004-08-31,D2,D2 Severe drought,9.36
2004-09-07,D2,D2 Severe drought,9.82
2004-09-14,D2,D2 Severe drought,9.95
2004-09-21,D2,D2 Severe drought,10.26
2004-09-28,D2,D2 Severe drought,10.13
2004-10-05,D2,D2 Severe drought,10.17
2004-10-12,D2,D2 Severe drought,9.71
2004-10-19,D2,D2 Severe drought,9.25
2004-10-26,D2,D2 Severe drought,9.12
2004-11-02,D2,D2 Severe drought,9.02
2004-11-09,D2,D2 Severe drought,8.39
2004-11-16,D2,D2 Severe drought,8.15
2004-11-23,D2,D2 Severe drought,8.19
2004-11-30,D2,D2 Severe drought,8.54
2004-12-07,D2,D2 Severe drought,8.35
2004-12-14,D2,D2 Severe drought,8.21
2004-12-21,D2,D2 Severe drought,8.51
2004-12-28,D2,D2 Severe drought,8.35
2005-01-04,D2,D2 Severe drought,7.92
2005-01-11,D2,D2 Severe drought,7.33
2005-01-18,D2,D2 Severe drought,7.18
2005-01-25,D2,D2 Severe drought,7.11
2005-02-01,D2,D2 Severe drought,7.82
2005-02-08,D2,D2 Severe drought,7.08
2005-02-15,D2,D2 Severe drought,7.04
2005-02-22,D2,D2 Severe drought,7.99
2005-03-01,D2,D2 Severe drought,8.99
2005-03-08,D2,D2 Severe drought,9.39
2005-03-15,D2,D2 Severe drought,9.09
2005-03-22,D2,D2 Severe drought,9.09
2005-03-29,D2,D2 Severe drought,8.94
2005-04-05,D2,D2 Severe drought,8.91
2005-04-12,D2,D2 Severe drought,8.3
2005-04-19,D2,D2 Severe drought,6.87
2005-04-26,D2,D2 Severe drought,7.14
2005-05-03,D2,D2 Severe drought,7.15
2005-05-10,D2,D2 Severe drought,8.32
2005-05-17,D2,D2 Severe drought,7.13
2005-05-24,D2,D2 Severe drought,7.34
2005-05-31,D2,D2 Severe drought,7.24
2005-06-07,D2,D2 Severe drought,6.49
2005-06-14,D2,D2 Severe drought,5.99
2005-06-21,D2,D2 Severe drought,6.35
2005-06-28,D2,D2 Severe drought,7.54
2005-07-05,D2,D2 Severe drought,8.18
2005-07-12,D2,D2 Severe drought,7.61
2005-07-19,D2,D2 Severe drought,8.65
2005-07-26,D2,D2 Severe drought,8.44
2005-08-02,D2,D2 Severe drought,8.74
2005-08-09,D2,D2 Severe drought,7.88
2005-08-16,D2,D2 Severe drought,7.34
2005-08-23,D2,D2 Severe drought,6.86
2005-08-30,D2,D2 Severe drought,6.41
2005-09-06,D2,D2 Severe drought,6.99
2005-09-13,D2,D2 Severe drought,7.08
2005-09-20,D2,D2 Severe drought,6.73
2005-09-27,D2,D2 Severe drought,5.39
2005-10-04,D2,D2 Severe drought,5.02
2005-10-11,D2,D2 Severe drought,3.94
2005-10-18,D2,D2 Severe drought,3.6
2005-10-25,D2,D2 Severe drought,3.59
2005-11-01,D2,D2 Severe drought,3.74
2005-11-08,D2,D2 Severe drought,3.06
2005-11-15,D2,D2 Severe drought,4.11
2005-11-22,D2,D2 Severe drought,4.79
2005-11-29,D2,D2 Severe drought,4.7
2005-12-06,D2,D2 Severe drought,3.91
2005-12-13,D2,D2 Severe drought,4.23
2005-12-20,D2,D2 Severe drought,3.84
2005-12-27,D2,D2 Severe drought,3.8
2006-01-03,D2,D2 Severe drought,3.78
2006-01-10,D2,D2 Severe drought,3.71
2006-01-17,D2,D2 Severe drought,4.01
2006-01-24,D2,D2 Severe drought,5.21
2006-01-31,D2,D2 Severe drought,5.79
2006-02-07,D2,D2 Severe drought,6.46
2006-02-14,D2,D2 Severe drought,6.6
2006-02-21,D2,D2 Severe drought,7.25
2006-02-28,D2,D2 Severe drought,7.74
2006-03-07,D2,D2 Severe drought,8.12
2006-03-14,D2,D2 Severe drought,8.45
2006-03-21,D2,D2 Severe drought,9.6
2006-03-28,D2,D2 Severe drought,10.45
2006-04-04,D2,D2 Severe drought,9.15
2006-04-11,D2,D2 Severe drought,10.51
2006-04-18,D2,D2 Severe drought,10.98
2006-04-25,D2,D2 Severe drought,9.83
2006-05-02,D2,D2 Severe drought,8.29
2006-05-09,D2,D2 Severe drought,4.56
2006-05-16,D2,D2 Severe drought,5.13
2006-05-23,D2,D2 Severe drought,5.68
2006-05-30,D2,D2 Severe drought,6.69
2006-06-06,D2,D2 Severe drought,8.22
2006-06-13,D2,D2 Severe drought,8.25
2006-06-20,D2,D2 Severe drought,8.52
2006-06-27,D2,D2 Severe drought,8.55
2006-07-04,D2,D2 Severe drought,9.44
2006-07-11,D2,D2 Severe drought,10.11
2006-07-18,D2,D2 Severe drought,15.5
2006-07-25,D2,D2 Severe drought,14.87
2006-08-01,D2,D2 Severe drought,14.49
2006-08-08,D2,D2 Severe drought,15.74
2006-08-15,D2,D2 Severe drought,15.48
2006-08-22,D2,D2 Severe drought,15.14
2006-08-29,D2,D2 Severe drought,12.23
2006-09-05,D2,D2 Severe drought,11.43
2006-09-12,D2,D2 Severe drought,9.86
2006-09-19,D2,D2 Severe drought,7.5
2006-09-26,D2,D2 Severe drought,8.1
2006-10-03,D2,D2 Severe drought,8.12
2006-10-10,D2,D2 Severe drought,8.46
2006-10-17,D2,D2 Severe drought,8.37
2006-10-24,D2,D2 Severe drought,8.75
2006-10-31,D2,D2 Severe drought,7.93
2006-11-07,D2,D2 Severe drought,6.84
2006-11-14,D2,D2 Severe drought,6.73
2006-11-21,D2,D2 Severe drought,5.94
2006-11-28,D2,D2 Severe drought,5.47
2006-12-05,D2,D2 Severe drought,5.84
2006-12-12,D2,D2 Severe drought,6.09
2006-12-19,D2,D2 Severe drought,6.27
2006-12-26,D2,D2 Severe drought,6
2007-01-02,D2,D2 Severe drought,5.59
2007-01-09,D2,D2 Severe drought,6.01
2007-01-16,D2,D2 Severe drought,5.89
2007-01-23,D2,D2 Severe drought,6.73
2007-01-30,D2,D2 Severe drought,7.02
2007-02-06,D2,D2 Severe drought,7.35
2007-02-13,D2,D2 Severe drought,7.55
2007-02-20,D2,D2 Severe drought,7.62
2007-02-27,D2,D2 Severe drought,7.3
2007-03-06,D2,D2 Severe drought,6.89
2007-03-13,D2,D2 Severe drought,6.4
2007-03-20,D2,D2 Severe drought,6.64
2007-03-27,D2,D2 Severe drought,7.8
2007-04-03,D2,D2 Severe drought,6.2
2007-04-10,D2,D2 Severe drought,6.88
2007-04-17,D2,D2 Severe drought,8.22
2007-04-24,D2,D2 Severe drought,8.21
2007-05-01,D2,D2 Severe drought,8.48
2007-05-08,D2,D2 Severe drought,7.89
2007-05-15,D2,D2 Severe drought,8.79
2007-05-22,D2,D2 Severe drought,8.96
2007-05-29,D2,D2 Severe drought,9
2007-06-05,D2,D2 Severe drought,8.75
2007-06-12,D2,D2 Severe drought,9.9
2007-06-19,D2,D2 Severe drought,9.64
2007-06-26,D2,D2 Severe drought,9.81
2007-07-03,D2,D2 Severe drought,9.57
2007-07-10,D2,D2 Severe drought,10.94
2007-07-17,D2,D2 Severe drought,11.23
2007-07-24,D2,D2 Severe drought,15.57
2007-07-31,D2,D2 Severe drought,18.37
2007-08-07,D2,D2 Severe drought,18.12
2007-08-14,D2,D2 Severe drought,19.1
2007-08-21,D2,D2 Severe drought,17.38
2007-08-28,D2,D2 Severe drought,16.99
2007-09-04,D2,D2 Severe drought,16.85
2007-09-11,D2,D2 Severe drought,16.54
2007-09-18,D2,D2 Severe drought,16.58
2007-09-25,D2,D2 Severe drought,15.23
2007-10-02,D2,D2 Severe drought,14.74
2007-10-09,D2,D2 Severe drought,14.7
2007-10-16,D2,D2 Severe drought,14.28
2007-10-23,D2,D2 Severe drought,13.19
2007-10-30,D2,D2 Severe drought,12.54
2007-11-06,D2,D2 Severe drought,12.53
2007-11-13,D2,D2 Severe drought,12.51
2007-11-20,D2,D2 Severe drought,12
2007-11-27,D2,D2 Severe drought,12.27
2007-12-04,D2,D2 Severe drought,12.14
2007-12-11,D2,D2 Severe drought,12.11
2007-12-18,D2,D2 Severe drought,12.07
2007-12-25,D2,D2 Severe drought,12.01
2008-01-01,D2,D2 Severe drought,12.23
2008-01-08,D2,D2 Severe drought,11.31
2008-01-15,D2,D2 Severe drought,12.32
2008-01-22,D2,D2 Severe drought,11.47
2008-01-29,D2,D2 Severe drought,9.86
2008-02-05,D2,D2 Severe drought,9.46
2008-02-12,D2,D2 Severe drought,9.21
2008-02-19,D2,D2 Severe drought,9.43
2008-02-26,D2,D2 Severe drought,9.78
2008-03-04,D2,D2 Severe drought,10.01
2008-03-11,D2,D2 Severe drought,9.78
2008-03-18,D2,D2 Severe drought,9.16
2008-03-25,D2,D2 Severe drought,8.41
2008-04-01,D2,D2 Severe drought,5.74
2008-04-08,D2,D2 Severe drought,4.49
2008-04-15,D2,D2 Severe drought,6.06
2008-04-22,D2,D2 Severe drought,5.55
2008-04-29,D2,D2 Severe drought,6.69
2008-05-06,D2,D2 Severe drought,5.47
2008-05-13,D2,D2 Severe drought,5.46
2008-05-20,D2,D2 Severe drought,5.92
2008-05-27,D2,D2 Severe drought,5.41
2008-06-03,D2,D2 Severe drought,5.68
2008-06-10,D2,D2 Severe drought,5.91
2008-06-17,D2,D2 Severe drought,6.54
2008-06-24,D2,D2 Severe drought,6.09
2008-07-01,D2,D2 Severe drought,6.44
2008-07-08,D2,D2 Severe drought,6.47
2008-07-15,D2,D2 Severe drought,6.16
2008-07-22,D2,D2 Severe drought,5.83
2008-07-29,D2,D2 Severe drought,6.94
2008-08-05,D2,D2 Severe drought,7.28
2008-08-12,D2,D2 Severe drought,7.09
2008-08-19,D2,D2 Severe drought,7.14
2008-08-26,D2,D2 Severe drought,6.11
2008-09-02,D2,D2 Severe drought,5.56
2008-09-09,D2,D2 Severe drought,5.42
2008-09-16,D2,D2 Severe drought,5.17
2008-09-23,D2,D2 Severe drought,5.54
2008-09-30,D2,D2 Severe drought,5.93
2008-10-07,D2,D2 Severe drought,6.13
2008-10-14,D2,D2 Severe drought,6.12
2008-10-21,D2,D2 Severe drought,6.5
2008-10-28,D2,D2 Severe drought,6.46
2008-11-04,D2,D2 Severe drought,5.71
2008-11-11,D2,D2 Severe drought,5.67
2008-11-18,D2,D2 Severe drought,5.37
2008-11-25,D2,D2 Severe drought,5.21
2008-12-02,D2,D2 Severe drought,4.92
2008-12-09,D2,D2 Severe drought,5.41
2008-12-16,D2,D2 Severe drought,4.77
2008-12-23,D2,D2 Severe drought,4.53
2008-12-30,D2,D2 Severe drought,4.2
2009-01-06,D2,D2 Severe drought,3.99
2009-01-13,D2,D2 Severe drought,4.08
2009-01-20,D2,D2 Severe drought,3.92
2009-01-27,D2,D2 Severe drought,5.04
2009-02-03,D2,D2 Severe drought,5.57
2009-02-10,D2,D2 Severe drought,5.67
2009-02-17,D2,D2 Severe drought,5.46
2009-02-24,D2,D2 Severe drought,5.29
2009-03-03,D2,D2 Severe drought,5.4
2009-03-10,D2,D2 Severe drought,4.65
2009-03-17,D2,D2 Severe drought,4.99
2009-03-24,D2,D2 Severe drought,5.21
2009-03-31,D2,D2 Severe drought,4.89
2009-04-07,D2,D2 Severe drought,6.08
2009-04-14,D2,D2 Severe drought,5.93
2009-04-21,D2,D2 Severe drought,5.72
2009-04-28,D2,D2 Severe drought,5.07
2009-05-05,D2,D2 Severe drought,4.43
2009-05-12,D2,D2 Severe drought,4.09
2009-05-19,D2,D2 Severe drought,4.47
2009-05-26,D2,D2 Severe drought,3.5
2009-06-02,D2,D2 Severe drought,3.88
2009-06-09,D2,D2 Severe drought,3.89
2009-06-16,D2,D2 Severe drought,3.78
2009-06-23,D2,D2 Severe drought,3.42
2009-06-30,D2,D2 Severe drought,3.18
2009-07-07,D2,D2 Severe drought,3.55
2009-07-14,D2,D2 Severe drought,3.59
2009-07-21,D2,D2 Severe drought,3.94
2009-07-28,D2,D2 Severe drought,3.93
2009-08-04,D2,D2 Severe drought,3.57
2009-08-11,D2,D2 Severe drought,3.26
2009-08-18,D2,D2 Severe drought,3.3
2009-08-25,D2,D2 Severe drought,3.14
2009-09-01,D2,D2 Severe drought,3.08
2009-09-08,D2,D2 Severe drought,3.06
2009-09-15,D2,D2 Severe drought,3.52
2009-09-22,D2,D2 Severe drought,3.91
2009-09-29,D2,D2 Severe drought,4.13
2009-10-06,D2,D2 Severe drought,4.17
2009-10-13,D2,D2 Severe drought,5.27
2009-10-20,D2,D2 Severe drought,3.92
2009-10-27,D2,D2 Severe drought,3.51
2009-11-03,D2,D2 Severe drought,3.44
2009-11-10,D2,D2 Severe drought,3.49
2009-11-17,D2,D2 Severe drought,3.72
2009-11-24,D2,D2 Severe drought,4.02
2009-12-01,D2,D2 Severe drought,4
2009-12-08,D2,D2 Severe drought,4.07
2009-12-15,D2,D2 Severe drought,3.59
2009-12-22,D2,D2 Severe drought,3.42
2009-12-29,D2,D2 Severe drought,3.42
2010-01-05,D2,D2 Severe drought,3.42
2010-01-12,D2,D2 Severe drought,4.87
2010-01-19,D2,D2 Severe drought,4.5
2010-01-26,D2,D2 Severe drought,1.27
2010-02-02,D2,D2 Severe drought,1.21
2010-02-09,D2,D2 Severe drought,1.18
2010-02-16,D2,D2 Severe drought,1.29
2010-02-23,D2,D2 Severe drought,1.38
2010-03-02,D2,D2 Severe drought,1.34
2010-03-09,D2,D2 Severe drought,1.97
2010-03-16,D2,D2 Severe drought,1.94
2010-03-23,D2,D2 Severe drought,1.87
2010-03-30,D2,D2 Severe drought,1.7
2010-04-06,D2,D2 Severe drought,1.71
2010-04-13,D2,D2 Severe drought,1.69
2010-04-20,D2,D2 Severe drought,1.88
2010-04-27,D2,D2 Severe drought,2.22
2010-05-04,D2,D2 Severe drought,2.22
2010-05-11,D2,D2 Severe drought,2.22
2010-05-18,D2,D2 Severe drought,2.29
2010-05-25,D2,D2 Severe drought,1.94
2010-06-01,D2,D2 Severe drought,2.35
2010-06-08,D2,D2 Severe drought,2.1
2010-06-15,D2,D2 Severe drought,1.52
2010-06-22,D2,D2 Severe drought,1.33
2010-06-29,D2,D2 Severe drought,1.25
2010-07-06,D2,D2 Severe drought,0.97
2010-07-13,D2,D2 Severe drought,0.93
2010-07-20,D2,D2 Severe drought,0.97
2010-07-27,D2,D2 Severe drought,1.33
2010-08-03,D2,D2 Severe drought,1.42
2010-08-10,D2,D2 Severe drought,1.4
2010-08-17,D2,D2 Severe drought,1.29
2010-08-24,D2,D2 Severe drought,1.1
2010-08-31,D2,D2 Severe drought,1.14
2010-09-07,D2,D2 Severe drought,1.37
2010-09-14,D2,D2 Severe drought,1.7
2010-09-21,D2,D2 Severe drought,2.22
2010-09-28,D2,D2 Severe drought,2.35
2010-10-05,D2,D2 Severe drought,2.02
2010-10-12,D2,D2 Severe drought,3.1
2010-10-19,D2,D2 Severe drought,3.82
2010-10-26,D2,D2 Severe drought,3.98
2010-11-02,D2,D2 Severe drought,4.32
2010-11-09,D2,D2 Severe drought,4.27
2010-11-16,D2,D2 Severe drought,3.98
2010-11-23,D2,D2 Severe drought,4.43
2010-11-30,D2,D2 Severe drought,4.42
2010-12-07,D2,D2 Severe drought,4.78
2010-12-14,D2,D2 Severe drought,4.83
2010-12-21,D2,D2 Severe drought,5.42
2010-12-28,D2,D2 Severe drought,5.62
2011-01-04,D2,D2 Severe drought,4.96
2011-01-11,D2,D2 Severe drought,4.43
2011-01-18,D2,D2 Severe drought,4.85
2011-01-25,D2,D2 Severe drought,5.76
2011-02-01,D2,D2 Severe drought,7.52
2011-02-08,D2,D2 Severe drought,6.88
2011-02-15,D2,D2 Severe drought,6.84
2011-02-22,D2,D2 Severe drought,7.84
2011-03-01,D2,D2 Severe drought,8.51
2011-03-08,D2,D2 Severe drought,8.27
2011-03-15,D2,D2 Severe drought,8.11
2011-03-22,D2,D2 Severe drought,8.49
2011-03-29,D2,D2 Severe drought,9.88
2011-04-05,D2,D2 Severe drought,7.88
2011-04-12,D2,D2 Severe drought,7.79
2011-04-19,D2,D2 Severe drought,7.62
2011-04-26,D2,D2 Severe drought,6.39
2011-05-03,D2,D2 Severe drought,6.36
2011-05-10,D2,D2 Severe drought,6.73
2011-05-17,D2,D2 Severe drought,6.28
2011-05-24,D2,D2 Severe drought,5.69
2011-05-31,D2,D2 Severe drought,5.02
2011-06-07,D2,D2 Severe drought,4.66
2011-06-14,D2,D2 Severe drought,4.49
2011-06-21,D2,D2 Severe drought,3.64
2011-06-28,D2,D2 Severe drought,4.1
2011-07-05,D2,D2 Severe drought,4.15
2011-07-12,D2,D2 Severe drought,4.19
2011-07-19,D2,D2 Severe drought,4.34
2011-07-26,D2,D2 Severe drought,4.73
2011-08-02,D2,D2 Severe drought,5.76
2011-08-09,D2,D2 Severe drought,5.24
2011-08-16,D2,D2 Severe drought,5.08
2011-08-23,D2,D2 Severe drought,5.18
2011-08-30,D2,D2 Severe drought,5.41
2011-09-06,D2,D2 Severe drought,4.47
2011-09-13,D2,D2 Severe drought,4.67
2011-09-20,D2,D2 Severe drought,4.75
2011-09-27,D2,D2 Severe drought,4.73
2011-10-04,D2,D2 Severe drought,4.84
2011-10-11,D2,D2 Severe drought,5.65
2011-10-18,D2,D2 Severe drought,5.25
2011-10-25,D2,D2 Severe drought,5.61
2011-11-01,D2,D2 Severe drought,5.56
2011-11-08,D2,D2 Severe drought,5.45
2011-11-15,D2,D2 Severe drought,5.69
2011-11-22,D2,D2 Severe drought,5.62
2011-11-29,D2,D2 Severe drought,5.82
2011-12-06,D2,D2 Severe drought,6.08
2011-12-13,D2,D2 Severe drought,6.72
2011-12-20,D2,D2 Severe drought,6.9
2011-12-27,D2,D2 Severe drought,7.52
2012-01-03,D2,D2 Severe drought,7.27
2012-01-10,D2,D2 Severe drought,7.62
2012-01-17,D2,D2 Severe drought,7.2
2012-01-24,D2,D2 Severe drought,7.27
2012-01-31,D2,D2 Severe drought,7.41
2012-02-07,D2,D2 Severe drought,7.43
2012-02-14,D2,D2 Severe drought,7.28
2012-02-21,D2,D2 Severe drought,8.15
2012-02-28,D2,D2 Severe drought,9.97
2012-03-06,D2,D2 Severe drought,10.12
2012-03-13,D2,D2 Severe drought,11.39
2012-03-20,D2,D2 Severe drought,10.33
2012-03-27,D2,D2 Severe drought,10.64
2012-04-03,D2,D2 Severe drought,10.9
2012-04-10,D2,D2 Severe drought,11.23
2012-04-17,D2,D2 Severe drought,10.93
2012-04-24,D2,D2 Severe drought,11.15
2012-05-01,D2,D2 Severe drought,11.3
2012-05-08,D2,D2 Severe drought,10.79
2012-05-15,D2,D2 Severe drought,10.63
2012-05-22,D2,D2 Severe drought,11.33
2012-05-29,D2,D2 Severe drought,11.49
2012-06-05,D2,D2 Severe drought,11.99
2012-06-12,D2,D2 Severe drought,12.75
2012-06-19,D2,D2 Severe drought,15.97
2012-06-26,D2,D2 Severe drought,18.57
2012-07-03,D2,D2 Severe drought,20.02
2012-07-10,D2,D2 Severe drought,21.4
2012-07-17,D2,D2 Severe drought,24.01
2012-07-24,D2,D2 Severe drought,20.92
2012-07-31,D2,D2 Severe drought,19.5
2012-08-07,D2,D2 Severe drought,18.31
2012-08-14,D2,D2 Severe drought,18.3
2012-08-21,D2,D2 Severe drought,17.6
2012-08-28,D2,D2 Severe drought,16.04
2012-09-04,D2,D2 Severe drought,17.6
2012-09-11,D2,D2 Severe drought,17.34
2012-09-18,D2,D2 Severe drought,17.01
2012-09-25,D2,D2 Severe drought,17.27
2012-10-02,D2,D2 Severe drought,16.69
2012-10-09,D2,D2 Severe drought,16.53
2012-10-16,D2,D2 Severe drought,16.53
2012-10-23,D2,D2 Severe drought,16
2012-10-30,D2,D2 Severe drought,16.09
2012-11-06,D2,D2 Severe drought,15.66
2012-11-13,D2,D2 Severe drought,14.8
2012-11-20,D2,D2 Severe drought,15.74
2012-11-27,D2,D2 Severe drought,17.93
2012-12-04,D2,D2 Severe drought,18.07
2012-12-11,D2,D2 Severe drought,18.01
2012-12-18,D2,D2 Severe drought,17.44
2012-12-25,D2,D2 Severe drought,17.46
2013-01-01,D2,D2 Severe drought,17.36
2013-01-08,D2,D2 Severe drought,17.49
2013-01-15,D2,D2 Severe drought,17.5
2013-01-22,D2,D2 Severe drought,17.38
2013-01-29,D2,D2 Severe drought,17.8
2013-02-05,D2,D2 Severe drought,17.61
2013-02-12,D2,D2 Severe drought,16.77
2013-02-19,D2,D2 Severe drought,15.71
2013-02-26,D2,D2 Severe drought,16.24
2013-03-05,D2,D2 Severe drought,16.24
2013-03-12,D2,D2 Severe drought,15.44
2013-03-19,D2,D2 Severe drought,15.59
2013-03-26,D2,D2 Severe drought,15.36
2013-04-02,D2,D2 Severe drought,15.21
2013-04-09,D2,D2 Severe drought,15.41
2013-04-16,D2,D2 Severe drought,14.67
2013-04-23,D2,D2 Severe drought,14.25
2013-04-30,D2,D2 Severe drought,15.71
2013-05-07,D2,D2 Severe drought,15.7
2013-05-14,D2,D2 Severe drought,15.62
2013-05-21,D2,D2 Severe drought,15.5
2013-05-28,D2,D2 Severe drought,14.91
2013-06-04,D2,D2 Severe drought,14.26
2013-06-11,D2,D2 Severe drought,14.28
2013-06-18,D2,D2 Severe drought,14.57
2013-06-25,D2,D2 Severe drought,15.81
2013-07-02,D2,D2 Severe drought,16.2
2013-07-09,D2,D2 Severe drought,16.53
2013-07-16,D2,D2 Severe drought,17.51
2013-07-23,D2,D2 Severe drought,17.72
2013-07-30,D2,D2 Severe drought,17.55
2013-08-06,D2,D2 Severe drought,17.31
2013-08-13,D2,D2 Severe drought,16.86
2013-08-20,D2,D2 Severe drought,19.27
2013-08-27,D2,D2 Severe drought,20.22
2013-09-03,D2,D2 Severe drought,19.65
2013-09-10,D2,D2 Severe drought,20.16
2013-09-17,D2,D2 Severe drought,18.52
2013-09-24,D2,D2 Severe drought,18.1
2013-10-01,D2,D2 Severe drought,14.77
2013-10-08,D2,D2 Severe drought,13.97
2013-10-15,D2,D2 Severe drought,12.87
2013-10-22,D2,D2 Severe drought,12.82
2013-10-29,D2,D2 Severe drought,12.76
2013-11-05,D2,D2 Severe drought,12.16
2013-11-12,D2,D2 Severe drought,11.97
2013-11-19,D2,D2 Severe drought,11.23
2013-11-26,D2,D2 Severe drought,10.63
2013-12-03,D2,D2 Severe drought,10.62
2013-12-10,D2,D2 Severe drought,10.52
2013-12-17,D2,D2 Severe drought,10.67
2013-12-24,D2,D2 Severe drought,10.6
2013-12-31,D2,D2 Severe drought,10.65
2014-01-07,D2,D2 Severe drought,10.88
2014-01-14,D2,D2 Severe drought,10.58
2014-01-21,D2,D2 Severe drought,10.58
2014-01-28,D2,D2 Severe drought,11.33
2014-02-04,D2,D2 Severe drought,11.26
2014-02-11,D2,D2 Severe drought,12.15
2014-02-18,D2,D2 Severe drought,11.71
2014-02-25,D2,D2 Severe drought,11.61
2014-03-04,D2,D2 Severe drought,11.83
2014-03-11,D2,D2 Severe drought,11.71
2014-03-18,D2,D2 Severe drought,11.54
2014-03-25,D2,D2 Severe drought,11.19
2014-04-01,D2,D2 Severe drought,11.97
2014-04-08,D2,D2 Severe drought,11.99
2014-04-15,D2,D2 Severe drought,12.62
2014-04-22,D2,D2 Severe drought,12.3
2014-04-29,D2,D2 Severe drought,11.7
2014-05-06,D2,D2 Severe drought,11.57
2014-05-13,D2,D2 Severe drought,11.73
2014-05-20,D2,D2 Severe drought,11.55
2014-05-27,D2,D2 Severe drought,11.76
2014-06-03,D2,D2 Severe drought,11.73
2014-06-10,D2,D2 Severe drought,11.53
2014-06-17,D2,D2 Severe drought,11.53
2014-06-24,D2,D2 Severe drought,11.36
2014-07-01,D2,D2 Severe drought,10.88
2014-07-08,D2,D2 Severe drought,10.8
2014-07-15,D2,D2 Severe drought,10.23
2014-07-22,D2,D2 Severe drought,10.53
2014-07-29,D2,D2 Severe drought,10.16
2014-08-05,D2,D2 Severe drought,10.02
2014-08-12,D2,D2 Severe drought,9.86
2014-08-19,D2,D2 Severe drought,9.62
2014-08-26,D2,D2 Severe drought,9.59
2014-09-02,D2,D2 Severe drought,9.21
2014-09-09,D2,D2 Severe drought,9.06
2014-09-16,D2,D2 Severe drought,8.88
2014-09-23,D2,D2 Severe drought,7.63
2014-09-30,D2,D2 Severe drought,7.72
2014-10-07,D2,D2 Severe drought,7.69
2014-10-14,D2,D2 Severe drought,7.38
2014-10-21,D2,D2 Severe drought,7.48
2014-10-28,D2,D2 Severe drought,7.39
2014-11-04,D2,D2 Severe drought,7.35
2014-11-11,D2,D2 Severe drought,7.06
2014-11-18,D2,D2 Severe drought,6.95
2014-11-25,D2,D2 Severe drought,6.76
2014-12-02,D2,D2 Severe drought,6.76
2014-12-09,D2,D2 Severe drought,6.81
2014-12-16,D2,D2 Severe drought,7.04
2014-12-23,D2,D2 Severe drought,6.97
2014-12-30,D2,D2 Severe drought,6.65
2015-01-06,D2,D2 Severe drought,6.61
2015-01-13,D2,D2 Severe drought,6.51
2015-01-20,D2,D2 Severe drought,6.76
2015-01-27,D2,D2 Severe drought,6.58
2015-02-03,D2,D2 Severe drought,6
2015-02-10,D2,D2 Severe drought,6.43
2015-02-17,D2,D2 Severe drought,6.55
2015-02-24,D2,D2 Severe drought,6.35
2015-03-03,D2,D2 Severe drought,6.03
2015-03-10,D2,D2 Severe drought,6.13
2015-03-17,D2,D2 Severe drought,6.37
2015-03-24,D2,D2 Severe drought,6.82
2015-03-31,D2,D2 Severe drought,8.05
2015-04-07,D2,D2 Severe drought,8.37
2015-04-14,D2,D2 Severe drought,8.39
2015-04-21,D2,D2 Severe drought,8.69
2015-04-28,D2,D2 Severe drought,9.97
2015-05-05,D2,D2 Severe drought,10.44
2015-05-12,D2,D2 Severe drought,8.76
2015-05-19,D2,D2 Severe drought,6.87
2015-05-26,D2,D2 Severe drought,6.06
2015-06-02,D2,D2 Severe drought,5.93
2015-06-09,D2,D2 Severe drought,5.69
2015-06-16,D2,D2 Severe drought,5.74
2015-06-23,D2,D2 Severe drought,6.31
2015-06-30,D2,D2 Severe drought,7.35
2015-07-07,D2,D2 Severe drought,8.11
2015-07-14,D2,D2 Severe drought,8.39
2015-07-21,D2,D2 Severe drought,7.76
2015-07-28,D2,D2 Severe drought,7.02
2015-08-04,D2,D2 Severe drought,7.25
2015-08-11,D2,D2 Severe drought,7.29
2015-08-18,D2,D2 Severe drought,7.38
2015-08-25,D2,D2 Severe drought,5.97
2015-09-01,D2,D2 Severe drought,6.71
2015-09-08,D2,D2 Severe drought,7.3
2015-09-15,D2,D2 Severe drought,7.05
2015-09-22,D2,D2 Severe drought,7.07
2015-09-29,D2,D2 Severe drought,7.24
2015-10-06,D2,D2 Severe drought,7.9
2015-10-13,D2,D2 Severe drought,7.76
2015-10-20,D2,D2 Severe drought,7.38
2015-10-27,D2,D2 Severe drought,5.76
2015-11-03,D2,D2 Severe drought,5.55
2015-11-10,D2,D2 Severe drought,5.68
2015-11-17,D2,D2 Severe drought,5.37
2015-11-24,D2,D2 Severe drought,5.37
2015-12-01,D2,D2 Severe drought,5.3
2015-12-08,D2,D2 Severe drought,5.33
2015-12-15,D2,D2 Severe drought,5.46
2015-12-22,D2,D2 Severe drought,5.07
2015-12-29,D2,D2 Severe drought,4.42
2016-01-05,D2,D2 Severe drought,4.07
2016-01-12,D2,D2 Severe drought,4.03
2016-01-19,D2,D2 Severe drought,3.08
2016-01-26,D2,D2 Severe drought,3.27
2016-02-02,D2,D2 Severe drought,3.2
2016-02-09,D2,D2 Severe drought,3.01
2016-02-16,D2,D2 Severe drought,3.06
2016-02-23,D2,D2 Severe drought,3.11
2016-03-01,D2,D2 Severe drought,3.12
2016-03-08,D2,D2 Severe drought,2.82
2016-03-15,D2,D2 Severe drought,2.29
2016-03-22,D2,D2 Severe drought,1.97
2016-03-29,D2,D2 Severe drought,1.78
2016-04-05,D2,D2 Severe drought,1.92
2016-04-12,D2,D2 Severe drought,2.05
2016-04-19,D2,D2 Severe drought,2.16
2016-04-26,D2,D2 Severe drought,2.12
2016-05-03,D2,D2 Severe drought,1.76
2016-05-10,D2,D2 Severe drought,1.66
2016-05-17,D2,D2 Severe drought,2.01
2016-05-24,D2,D2 Severe drought,1.62
2016-05-31,D2,D2 Severe drought,1.5
2016-06-07,D2,D2 Severe drought,1.74
2016-06-14,D2,D2 Severe drought,2.11
2016-06-21,D2,D2 Severe drought,2.35
2016-06-28,D2,D2 Severe drought,2.59
2016-07-05,D2,D2 Severe drought,2.95
2016-07-12,D2,D2 Severe drought,3.03
2016-07-19,D2,D2 Severe drought,3.29
2016-07-26,D2,D2 Severe drought,3.53
2016-08-02,D2,D2 Severe drought,3.68
2016-08-09,D2,D2 Severe drought,4.49
2016-08-16,D2,D2 Severe drought,4.01
2016-08-23,D2,D2 Severe drought,3.93
2016-08-30,D2,D2 Severe drought,3.81
2016-09-06,D2,D2 Severe drought,3.86
2016-09-13,D2,D2 Severe drought,4.06
2016-09-20,D2,D2 Severe drought,4.02
2016-09-27,D2,D2 Severe drought,4.1
2016-10-04,D2,D2 Severe drought,4.36
2016-10-11,D2,D2 Severe drought,4.37
2016-10-18,D2,D2 Severe drought,4.84
2016-10-25,D2,D2 Severe drought,5.15
2016-11-01,D2,D2 Severe drought,5.09
2016-11-08,D2,D2 Severe drought,5.37
2016-11-15,D2,D2 Severe drought,6.72
2016-11-22,D2,D2 Severe drought,7.36
2016-11-29,D2,D2 Severe drought,6.64
2016-12-06,D2,D2 Severe drought,7.25
2016-12-13,D2,D2 Severe drought,6.58
2016-12-20,D2,D2 Severe drought,5.03
2016-12-27,D2,D2 Severe drought,4.65
2017-01-03,D2,D2 Severe drought,4.58
2017-01-10,D2,D2 Severe drought,4.47
2017-01-17,D2,D2 Severe drought,3.66
2017-01-24,D2,D2 Severe drought,3.35
2017-01-31,D2,D2 Severe drought,2.86
2017-02-07,D2,D2 Severe drought,2.55
2017-02-14,D2,D2 Severe drought,2.36
2017-02-21,D2,D2 Severe drought,2.49
2017-02-28,D2,D2 Severe drought,2.66
2017-03-07,D2,D2 Severe drought,2.89
2017-03-14,D2,D2 Severe drought,2.89
2017-03-21,D2,D2 Severe drought,2.76
2017-03-28,D2,D2 Severe drought,2.22
2017-04-04,D2,D2 Severe drought,1.19
2017-04-11,D2,D2 Severe drought,1.16
2017-04-18,D2,D2 Severe drought,1.17
2017-04-25,D2,D2 Severe drought,0.89
2017-05-02,D2,D2 Severe drought,1
2017-05-09,D2,D2 Severe drought,0.87
2017-05-16,D2,D2 Severe drought,0.79
2017-05-23,D2,D2 Severe drought,0.67
2017-05-30,D2,D2 Severe drought,0.7
2017-06-06,D2,D2 Severe drought,1.04
2017-06-13,D2,D2 Severe drought,1.31
2017-06-20,D2,D2 Severe drought,1.32
2017-06-27,D2,D2 Severe drought,1.91
2017-07-04,D2,D2 Severe drought,2.02
2017-07-11,D2,D2 Severe drought,1.77
2017-07-18,D2,D2 Severe drought,2.06
2017-07-25,D2,D2 Severe drought,2.16
2017-08-01,D2,D2 Severe drought,2.22
2017-08-08,D2,D2 Severe drought,2.54
2017-08-15,D2,D2 Severe drought,2.43
2017-08-22,D2,D2 Severe drought,2.58
2017-08-29,D2,D2 Severe drought,2.6
2017-09-05,D2,D2 Severe drought,2.62
2017-09-12,D2,D2 Severe drought,2.62
2017-09-19,D2,D2 Severe drought,2.71
2017-09-26,D2,D2 Severe drought,2.22
2017-10-03,D2,D2 Severe drought,2.81
2017-10-10,D2,D2 Severe drought,2.5
2017-10-17,D2,D2 Severe drought,1.82
2017-10-24,D2,D2 Severe drought,1.44
2017-10-31,D2,D2 Severe drought,1.51
2017-11-07,D2,D2 Severe drought,1.81
2017-11-14,D2,D2 Severe drought,2.32
2017-11-21,D2,D2 Severe drought,2.85
2017-11-28,D2,D2 Severe drought,3.23
2017-12-05,D2,D2 Severe drought,3.98
2017-12-12,D2,D2 Severe drought,3.93
2017-12-19,D2,D2 Severe drought,4.75
2017-12-26,D2,D2 Severe drought,3.44
2018-01-02,D2,D2 Severe drought,5.55
2018-01-09,D2,D2 Severe drought,6.88
2018-01-16,D2,D2 Severe drought,7.84
2018-01-23,D2,D2 Severe drought,10.61
2018-01-30,D2,D2 Severe drought,12.94
2018-02-06,D2,D2 Severe drought,13.24
2018-02-13,D2,D2 Severe drought,12.6
2018-02-20,D2,D2 Severe drought,12.15
2018-02-27,D2,D2 Severe drought,9.27
2018-03-06,D2,D2 Severe drought,8.82
2018-03-13,D2,D2 Severe drought,8.88
2018-03-20,D2,D2 Severe drought,8.58
2018-03-27,D2,D2 Severe drought,7.6
2018-04-03,D2,D2 Severe drought,7.34
2018-04-10,D2,D2 Severe drought,7.16
2018-04-17,D2,D2 Severe drought,6.8
2018-04-24,D2,D2 Severe drought,6.56
2018-05-01,D2,D2 Severe drought,6.21
2018-05-08,D2,D2 Severe drought,5.53
2018-05-15,D2,D2 Severe drought,6.02
2018-05-22,D2,D2 Severe drought,6.22
2018-05-29,D2,D2 Severe drought,6.42
2018-06-05,D2,D2 Severe drought,6.6
2018-06-12,D2,D2 Severe drought,6.46
2018-06-19,D2,D2 Severe drought,6.94
2018-06-26,D2,D2 Severe drought,6.39
2018-07-03,D2,D2 Severe drought,6.95
2018-07-10,D2,D2 Severe drought,6.37
2018-07-17,D2,D2 Severe drought,6.81
2018-07-24,D2,D2 Severe drought,8.91
2018-07-31,D2,D2 Severe drought,9.11
2018-08-07,D2,D2 Severe drought,10.15
2018-08-14,D2,D2 Severe drought,9.93
2018-08-21,D2,D2 Severe drought,9.68
2018-08-28,D2,D2 Severe drought,9.94
2018-09-04,D2,D2 Severe drought,9.46
2018-09-11,D2,D2 Severe drought,8.21
2018-09-18,D2,D2 Severe drought,8.13
2018-09-25,D2,D2 Severe drought,8.66
2018-10-02,D2,D2 Severe drought,8.48
2018-10-09,D2,D2 Severe drought,7.65
2018-10-16,D2,D2 Severe drought,7.49
2018-10-23,D2,D2 Severe drought,7.38
2018-10-30,D2,D2 Severe drought,6.94
2018-11-06,D2,D2 Severe drought,6.6
2018-11-13,D2,D2 Severe drought,6.41
2018-11-20,D2,D2 Severe drought,6.32
2018-11-27,D2,D2 Severe drought,6.31
2018-12-04,D2,D2 Severe drought,6.64
2018-12-11,D2,D2 Severe drought,6.55
2018-12-18,D2,D2 Severe drought,6.58
2018-12-25,D2,D2 Severe drought,6.71
2019-01-01,D2,D2 Severe drought,6.38
2019-01-08,D2,D2 Severe drought,6.31
2019-01-15,D2,D2 Severe drought,5.96
2019-01-22,D2,D2 Severe drought,5.25
2019-01-29,D2,D2 Severe drought,4.21
2019-02-05,D2,D2 Severe drought,4.2
2019-02-12,D2,D2 Severe drought,3.79
2019-02-19,D2,D2 Severe drought,3.9
2019-02-26,D2,D2 Severe drought,3.07
2019-03-05,D2,D2 Severe drought,2.21
2019-03-12,D2,D2 Severe drought,1.33
2019-03-19,D2,D2 Severe drought,1.02
2019-03-26,D2,D2 Severe drought,1.03
2019-04-02,D2,D2 Severe drought,1.05
2019-04-09,D2,D2 Severe drought,0.86
2019-04-16,D2,D2 Severe drought,0.86
2019-04-23,D2,D2 Severe drought,0.54
2019-04-30,D2,D2 Severe drought,0.51
2019-05-07,D2,D2 Severe drought,0.2
2019-05-14,D2,D2 Severe drought,0.19
2019-05-21,D2,D2 Severe drought,0.13
2019-05-28,D2,D2 Severe drought,0.14
2019-06-04,D2,D2 Severe drought,0.56
2019-06-11,D2,D2 Severe drought,0.4
2019-06-18,D2,D2 Severe drought,0.63
2019-06-25,D2,D2 Severe drought,0.68
2019-07-02,D2,D2 Severe drought,0.63
2019-07-09,D2,D2 Severe drought,0.67
2019-07-16,D2,D2 Severe drought,0.73
2019-07-23,D2,D2 Severe drought,1.19
2019-07-30,D2,D2 Severe drought,1.17
2019-08-06,D2,D2 Severe drought,0.66
2019-08-13,D2,D2 Severe drought,1.22
2019-08-20,D2,D2 Severe drought,1.53
2019-08-27,D2,D2 Severe drought,1.93
2019-09-03,D2,D2 Severe drought,1.93
2019-09-10,D2,D2 Severe drought,2.96
2019-09-17,D2,D2 Severe drought,3.39
2019-09-24,D2,D2 Severe drought,3.32
2019-10-01,D2,D2 Severe drought,4.5
2019-10-08,D2,D2 Severe drought,5.51
2019-10-15,D2,D2 Severe drought,6.75
2019-10-22,D2,D2 Severe drought,6.68
2019-10-29,D2,D2 Severe drought,6.08
2019-11-05,D2,D2 Severe drought,4.84
2019-11-12,D2,D2 Severe drought,4.89
2019-11-19,D2,D2 Severe drought,4.68
2019-11-26,D2,D2 Severe drought,4.64
2019-12-03,D2,D2 Severe drought,3.76
2019-12-10,D2,D2 Severe drought,3.64
2019-12-17,D2,D2 Severe drought,3.32
2019-12-24,D2,D2 Severe drought,3.41
2019-12-31,D2,D2 Severe drought,3.15
2020-01-07,D2,D2 Severe drought,2.6
2020-01-14,D2,D2 Severe drought,2.51
2020-01-21,D2,D2 Severe drought,2.78
2020-01-28,D2,D2 Severe drought,1.97
2020-02-04,D2,D2 Severe drought,2
2020-02-11,D2,D2 Severe drought,2.01
2020-02-18,D2,D2 Severe drought,1.89
2020-02-25,D2,D2 Severe drought,1.68
2020-03-03,D2,D2 Severe drought,1.67
2020-03-10,D2,D2 Severe drought,1.74
2020-03-17,D2,D2 Severe drought,1.91
2020-03-24,D2,D2 Severe drought,2.03
2020-03-31,D2,D2 Severe drought,2.14
2020-04-07,D2,D2 Severe drought,2.2
2020-04-14,D2,D2 Severe drought,3.5
2020-04-21,D2,D2 Severe drought,4.31
2020-04-28,D2,D2 Severe drought,4.33
2020-05-05,D2,D2 Severe drought,4.43
2020-05-12,D2,D2 Severe drought,4.92
2020-05-19,D2,D2 Severe drought,5.01
2020-05-26,D2,D2 Severe drought,4.97
2020-06-02,D2,D2 Severe drought,5.38
2020-06-09,D2,D2 Severe drought,5.56
2020-06-16,D2,D2 Severe drought,6.41
2020-06-23,D2,D2 Severe drought,6.36
2020-06-30,D2,D2 Severe drought,6.73
2020-07-07,D2,D2 Severe drought,7.25
2020-07-14,D2,D2 Severe drought,7.41
2020-07-21,D2,D2 Severe drought,8.11
2020-07-28,D2,D2 Severe drought,9.35
2020-08-04,D2,D2 Severe drought,10.05
2020-08-11,D2,D2 Severe drought,10.17
2020-08-18,D2,D2 Severe drought,13.12
2020-08-25,D2,D2 Severe drought,13.47
2020-09-01,D2,D2 Severe drought,13.5
2020-09-08,D2,D2 Severe drought,11.23
2020-09-15,D2,D2 Severe drought,11.36
2020-09-22,D2,D2 Severe drought,11.04
2020-09-29,D2,D2 Severe drought,10.66
2020-10-06,D2,D2 Severe drought,10.96
2020-10-13,D2,D2 Severe drought,10.9
2020-10-20,D2,D2 Severe drought,9.44
2020-10-27,D2,D2 Severe drought,9.91
2020-11-03,D2,D2 Severe drought,9.34
2020-11-10,D2,D2 Severe drought,9.47
2020-11-17,D2,D2 Severe drought,10.04
2020-11-24,D2,D2 Severe drought,9.75
2020-12-01,D2,D2 Severe drought,9.1
2020-12-08,D2,D2 Severe drought,10.36
2020-12-15,D2,D2 Severe drought,10.11
2020-12-22,D2,D2 Severe drought,10.03
2020-12-29,D2,D2 Severe drought,10.05
2021-01-05,D2,D2 Severe drought,9.86
2021-01-12,D2,D2 Severe drought,9.48
2021-01-19,D2,D2 Severe drought,9.34
2021-01-26,D2,D2 Severe drought,9.54
2021-02-02,D2,D2 Severe drought,9.28
2021-02-09,D2,D2 Severe drought,9.12
2021-02-16,D2,D2 Severe drought,9.32
2021-02-23,D2,D2 Severe drought,10.19
2021-03-02,D2,D2 Severe drought,10.29
2021-03-09,D2,D2 Severe drought,10.9
2021-03-16,D2,D2 Severe drought,10.27
2021-03-23,D2,D2 Severe drought,9.83
2021-03-30,D2,D2 Severe drought,9.13
2021-04-06,D2,D2 Severe drought,8.73
2021-04-13,D2,D2 Severe drought,8.74
2021-04-20,D2,D2 Severe drought,8.93
2021-04-27,D2,D2 Severe drought,8.99
2021-05-04,D2,D2 Severe drought,8.09
2021-05-11,D2,D2 Severe drought,7.85
2021-05-18,D2,D2 Severe drought,7.65
2021-05-25,D2,D2 Severe drought,7.45
2021-06-01,D2,D2 Severe drought,7.94
2021-06-08,D2,D2 Severe drought,9.01
2021-06-15,D2,D2 Severe drought,9.61
2021-06-22,D2,D2 Severe drought,10.79
2021-06-29,D2,D2 Severe drought,10.85
2021-07-06,D2,D2 Severe drought,11.7
2021-07-13,D2,D2 Severe drought,10.8
2021-07-20,D2,D2 Severe drought,10.43
2021-07-27,D2,D2 Severe drought,10.82
2021-08-03,D2,D2 Severe drought,10.93
2021-08-10,D2,D2 Severe drought,10.54
2021-08-17,D2,D2 Severe drought,9.78
2021-08-24,D2,D2 Severe drought,10.38
2021-08-31,D2,D2 Severe drought,10.14
2021-09-07,D2,D2 Severe drought,9.82
2021-09-14,D2,D2 Severe drought,9.98
2021-09-21,D2,D2 Severe drought,10.59
2021-09-28,D2,D2 Severe drought,11.29
2021-10-05,D2,D2 Severe drought,11.2
2021-10-12,D2,D2 Severe drought,10.95
2021-10-19,D2,D2 Severe drought,10.78
2021-10-26,D2,D2 Severe drought,12.34
2021-11-02,D2,D2 Severe drought,12.52
2021-11-09,D2,D2 Severe drought,12.46
2021-11-16,D2,D2 Severe drought,12.86
2021-11-23,D2,D2 Severe drought,13.2
2021-11-30,D2,D2 Severe drought,14.52
2021-12-07,D2,D2 Severe drought,16.13
2021-12-14,D2,D2 Severe drought,15.83
2021-12-21,D2,D2 Severe drought,15.99
2021-12-28,D2,D2 Severe drought,18.6
2022-01-04,D2,D2 Severe drought,19.02
2022-01-11,D2,D2 Severe drought,19.93
2022-01-18,D2,D2 Severe drought,20.65
2022-01-25,D2,D2 Severe drought,20.2
2022-02-01,D2,D2 Severe drought,20.31
2022-02-08,D2,D2 Severe drought,20.12
2022-02-15,D2,D2 Severe drought,20.47
2022-02-22,D2,D2 Severe drought,20.15
2022-03-01,D2,D2 Severe drought,22.28
2022-03-08,D2,D2 Severe drought,22.46
2022-03-15,D2,D2 Severe drought,21.24
2022-03-22,D2,D2 Severe drought,20.33
2022-03-29,D2,D2 Severe drought,20.21
2022-04-05,D2,D2 Severe drought,21.53
2022-04-12,D2,D2 Severe drought,19.98
2022-04-19,D2,D2 Severe drought,19.05
2022-04-26,D2,D2 Severe drought,18.88
2022-05-03,D2,D2 Severe drought,18.38
2022-05-10,D2,D2 Severe drought,16.56
2022-05-17,D2,D2 Severe drought,15.31
2022-05-24,D2,D2 Severe drought,15.24
2022-05-31,D2,D2 Severe drought,14.1
2022-06-07,D2,D2 Severe drought,12.34
2022-06-14,D2,D2 Severe drought,11
2022-06-21,D2,D2 Severe drought,11.51
2022-06-28,D2,D2 Severe drought,12.92
2022-07-05,D2,D2 Severe drought,12.83
2022-07-12,D2,D2 Severe drought,12.81
2022-07-19,D2,D2 Severe drought,15.03
2022-07-26,D2,D2 Severe drought,14.61
2022-08-02,D2,D2 Severe drought,15.12
2022-08-09,D2,D2 Severe drought,14.76
2022-08-16,D2,D2 Severe drought,14.66
2022-08-23,D2,D2 Severe drought,15.11
2022-08-30,D2,D2 Severe drought,14.81
2022-09-06,D2,D2 Severe drought,14.69
2022-09-13,D2,D2 Severe drought,15.1
2022-09-20,D2,D2 Severe drought,15.16
2022-09-27,D2,D2 Severe drought,14.91
2022-10-04,D2,D2 Severe drought,15.7
2022-10-11,D2,D2 Severe drought,15.6
2022-10-18,D2,D2 Severe drought,16.55
2022-10-25,D2,D2 Severe drought,17.95
2022-11-01,D2,D2 Severe drought,18.34
2022-11-08,D2,D2 Severe drought,17.28
2022-11-15,D2,D2 Severe drought,15.87
2022-11-22,D2,D2 Severe drought,15.95
2022-11-29,D2,D2 Severe drought,16.01
2022-12-06,D2,D2 Severe drought,15.63
2022-12-13,D2,D2 Severe drought,15.75
2022-12-20,D2,D2 Severe drought,14.59
2022-12-27,D2,D2 Severe drought,14.59
2023-01-03,D2,D2 Severe drought,13.69
2023-01-10,D2,D2 Severe drought,13.08
2023-01-17,D2,D2 Severe drought,12.81
2023-01-24,D2,D2 Severe drought,11.88
2023-01-31,D2,D2 Severe drought,11.67
2023-02-07,D2,D2 Severe drought,11.1
2023-02-14,D2,D2 Severe drought,11.12
2023-02-21,D2,D2 Severe drought,10.69
2023-02-28,D2,D2 Severe drought,9.74
2023-03-07,D2,D2 Severe drought,9.55
2023-03-14,D2,D2 Severe drought,8.7
2023-03-21,D2,D2 Severe drought,8.11
2023-03-28,D2,D2 Severe drought,7.21
2023-04-04,D2,D2 Severe drought,6.67
2023-04-11,D2,D2 Severe drought,6.19
2023-04-18,D2,D2 Severe drought,5.79
2023-04-25,D2,D2 Severe drought,5.03
2023-05-02,D2,D2 Severe drought,4.69
2023-05-09,D2,D2 Severe drought,4.8
2023-05-16,D2,D2 Severe drought,4.34
2023-05-23,D2,D2 Severe drought,4.33
2023-05-30,D2,D2 Severe drought,4.06
2023-06-06,D2,D2 Severe drought,4.03
2023-06-13,D2,D2 Severe drought,3.94
2023-06-20,D2,D2 Severe drought,4.63
2023-06-27,D2,D2 Severe drought,5.58
2023-07-04,D2,D2 Severe drought,5.54
2023-07-11,D2,D2 Severe drought,5.73
2023-07-18,D2,D2 Severe drought,4.91
2023-07-25,D2,D2 Severe drought,5.99
2023-08-01,D2,D2 Severe drought,6.88
2023-08-08,D2,D2 Severe drought,7.47
2023-08-15,D2,D2 Severe drought,8.11
2023-08-22,D2,D2 Severe drought,9.76
2023-08-29,D2,D2 Severe drought,9.7
2023-09-05,D2,D2 Severe drought,10.75
2023-09-12,D2,D2 Severe drought,11.32
2023-09-19,D2,D2 Severe drought,10.19
2023-09-26,D2,D2 Severe drought,10.31
2023-10-03,D2,D2 Severe drought,11.06
2023-10-10,D2,D2 Severe drought,11.43
2023-10-17,D2,D2 Severe drought,11.64
2023-10-24,D2,D2 Severe drought,12.31
2023-10-31,D2,D2 Severe drought,11.03
2023-11-07,D2,D2 Severe drought,11.1
2023-11-14,D2,D2 Severe drought,10.55
2023-11-21,D2,D2 Severe drought,10.83
2023-11-28,D2,D2 Severe drought,10.58
2023-12-05,D2,D2 Severe drought,9.65
2023-12-12,D2,D2 Severe drought,10.05
2023-12-19,D2,D2 Severe drought,9.76
2023-12-26,D2,D2 Severe drought,8.61
2000-01-04,D3,D3 Extreme drought,0
2000-01-11,D3,D3 Extreme drought,0
2000-01-18,D3,D3 Extreme drought,0
2000-01-25,D3,D3 Extreme drought,0
2000-02-01,D3,D3 Extreme drought,0
2000-02-08,D3,D3 Extreme drought,0
2000-02-15,D3,D3 Extreme drought,0
2000-02-22,D3,D3 Extreme drought,0
2000-02-29,D3,D3 Extreme drought,0
2000-03-07,D3,D3 Extreme drought,0
2000-03-14,D3,D3 Extreme drought,0
2000-03-21,D3,D3 Extreme drought,0
2000-03-28,D3,D3 Extreme drought,0
2000-04-04,D3,D3 Extreme drought,0
2000-04-11,D3,D3 Extreme drought,0
2000-04-18,D3,D3 Extreme drought,0
2000-04-25,D3,D3 Extreme drought,1.24
2000-05-02,D3,D3 Extreme drought,1.39
2000-05-09,D3,D3 Extreme drought,1.39
2000-05-16,D3,D3 Extreme drought,2.5
2000-05-23,D3,D3 Extreme drought,3
2000-05-30,D3,D3 Extreme drought,4.03
2000-06-06,D3,D3 Extreme drought,4.27
2000-06-13,D3,D3 Extreme drought,4.85
2000-06-20,D3,D3 Extreme drought,4.25
2000-06-27,D3,D3 Extreme drought,2.39
2000-07-04,D3,D3 Extreme drought,2.56
2000-07-11,D3,D3 Extreme drought,2.54
2000-07-18,D3,D3 Extreme drought,2.8
2000-07-25,D3,D3 Extreme drought,2.2
2000-08-01,D3,D3 Extreme drought,2.12
2000-08-08,D3,D3 Extreme drought,1.97
2000-08-15,D3,D3 Extreme drought,2.03
2000-08-22,D3,D3 Extreme drought,2.52
2000-08-29,D3,D3 Extreme drought,3.68
2000-09-05,D3,D3 Extreme drought,4.57
2000-09-12,D3,D3 Extreme drought,6.01
2000-09-19,D3,D3 Extreme drought,5.63
2000-09-26,D3,D3 Extreme drought,5.14
2000-10-03,D3,D3 Extreme drought,5.22
2000-10-10,D3,D3 Extreme drought,4.52
2000-10-17,D3,D3 Extreme drought,5.05
2000-10-24,D3,D3 Extreme drought,5.01
2000-10-31,D3,D3 Extreme drought,5.4
2000-11-07,D3,D3 Extreme drought,5.43
2000-11-14,D3,D3 Extreme drought,4.27
2000-11-21,D3,D3 Extreme drought,2.21
2000-11-28,D3,D3 Extreme drought,0.59
2000-12-05,D3,D3 Extreme drought,0.57
2000-12-12,D3,D3 Extreme drought,0.71
2000-12-19,D3,D3 Extreme drought,0.49
2000-12-26,D3,D3 Extreme drought,0.5
2001-01-02,D3,D3 Extreme drought,0.52
2001-01-09,D3,D3 Extreme drought,0.91
2001-01-16,D3,D3 Extreme drought,1.01
2001-01-23,D3,D3 Extreme drought,0.52
2001-01-30,D3,D3 Extreme drought,0.45
2001-02-06,D3,D3 Extreme drought,0.58
2001-02-13,D3,D3 Extreme drought,0.84
2001-02-20,D3,D3 Extreme drought,0.91
2001-02-27,D3,D3 Extreme drought,0.84
2001-03-06,D3,D3 Extreme drought,0.8
2001-03-13,D3,D3 Extreme drought,0.74
2001-03-20,D3,D3 Extreme drought,0.7
2001-03-27,D3,D3 Extreme drought,0.69
2001-04-03,D3,D3 Extreme drought,1.05
2001-04-10,D3,D3 Extreme drought,1.03
2001-04-17,D3,D3 Extreme drought,1.07
2001-04-24,D3,D3 Extreme drought,1.07
2001-05-01,D3,D3 Extreme drought,1.07
2001-05-08,D3,D3 Extreme drought,1.44
2001-05-15,D3,D3 Extreme drought,1.96
2001-05-22,D3,D3 Extreme drought,1.74
2001-05-29,D3,D3 Extreme drought,1.64
2001-06-05,D3,D3 Extreme drought,1.63
2001-06-12,D3,D3 Extreme drought,1.62
2001-06-19,D3,D3 Extreme drought,1.61
2001-06-26,D3,D3 Extreme drought,1.66
2001-07-03,D3,D3 Extreme drought,3.35
2001-07-10,D3,D3 Extreme drought,3.17
2001-07-17,D3,D3 Extreme drought,2.97
2001-07-24,D3,D3 Extreme drought,2.95
2001-07-31,D3,D3 Extreme drought,4.37
2001-08-07,D3,D3 Extreme drought,4.37
2001-08-14,D3,D3 Extreme drought,4.18
2001-08-21,D3,D3 Extreme drought,6
2001-08-28,D3,D3 Extreme drought,7.11
2001-09-04,D3,D3 Extreme drought,7.43
2001-09-11,D3,D3 Extreme drought,7.83
2001-09-18,D3,D3 Extreme drought,7.83
2001-09-25,D3,D3 Extreme drought,7.84
2001-10-02,D3,D3 Extreme drought,8.06
2001-10-09,D3,D3 Extreme drought,8.36
2001-10-16,D3,D3 Extreme drought,8.36
2001-10-23,D3,D3 Extreme drought,8.36
2001-10-30,D3,D3 Extreme drought,8.33
2001-11-06,D3,D3 Extreme drought,9.54
2001-11-13,D3,D3 Extreme drought,9.54
2001-11-20,D3,D3 Extreme drought,9.25
2001-11-27,D3,D3 Extreme drought,9.13
2001-12-04,D3,D3 Extreme drought,7.87
2001-12-11,D3,D3 Extreme drought,7.26
2001-12-18,D3,D3 Extreme drought,7.22
2001-12-25,D3,D3 Extreme drought,6.79
2002-01-01,D3,D3 Extreme drought,7.31
2002-01-08,D3,D3 Extreme drought,5.27
2002-01-15,D3,D3 Extreme drought,4.82
2002-01-22,D3,D3 Extreme drought,4.72
2002-01-29,D3,D3 Extreme drought,4.43
2002-02-05,D3,D3 Extreme drought,4.61
2002-02-12,D3,D3 Extreme drought,4.41
2002-02-19,D3,D3 Extreme drought,4.71
2002-02-26,D3,D3 Extreme drought,4.81
2002-03-05,D3,D3 Extreme drought,4.73
2002-03-12,D3,D3 Extreme drought,5.65
2002-03-19,D3,D3 Extreme drought,5.53
2002-03-26,D3,D3 Extreme drought,5.37
2002-04-02,D3,D3 Extreme drought,4.37
2002-04-09,D3,D3 Extreme drought,4.68
2002-04-16,D3,D3 Extreme drought,5.64
2002-04-23,D3,D3 Extreme drought,7.83
2002-04-30,D3,D3 Extreme drought,9.75
2002-05-07,D3,D3 Extreme drought,9.02
2002-05-14,D3,D3 Extreme drought,13.19
2002-05-21,D3,D3 Extreme drought,13.59
2002-05-28,D3,D3 Extreme drought,12.44
2002-06-04,D3,D3 Extreme drought,11.82
2002-06-11,D3,D3 Extreme drought,12.21
2002-06-18,D3,D3 Extreme drought,12.91
2002-06-25,D3,D3 Extreme drought,13.71
2002-07-02,D3,D3 Extreme drought,13.06
2002-07-09,D3,D3 Extreme drought,12.54
2002-07-16,D3,D3 Extreme drought,13.2
2002-07-23,D3,D3 Extreme drought,13.84
2002-07-30,D3,D3 Extreme drought,13.7
2002-08-06,D3,D3 Extreme drought,13.57
2002-08-13,D3,D3 Extreme drought,13.34
2002-08-20,D3,D3 Extreme drought,13.25
2002-08-27,D3,D3 Extreme drought,13.44
2002-09-03,D3,D3 Extreme drought,12.7
2002-09-10,D3,D3 Extreme drought,12.97
2002-09-17,D3,D3 Extreme drought,13.4
2002-09-24,D3,D3 Extreme drought,12.95
2002-10-01,D3,D3 Extreme drought,12.29
2002-10-08,D3,D3 Extreme drought,12.34
2002-10-15,D3,D3 Extreme drought,12.13
2002-10-22,D3,D3 Extreme drought,11.81
2002-10-29,D3,D3 Extreme drought,11.5
2002-11-05,D3,D3 Extreme drought,11.21
2002-11-12,D3,D3 Extreme drought,10.38
2002-11-19,D3,D3 Extreme drought,10.38
2002-11-26,D3,D3 Extreme drought,10.38
2002-12-03,D3,D3 Extreme drought,10.16
2002-12-10,D3,D3 Extreme drought,10.36
2002-12-17,D3,D3 Extreme drought,10.54
2002-12-24,D3,D3 Extreme drought,10.55
2002-12-31,D3,D3 Extreme drought,10.84
2003-01-07,D3,D3 Extreme drought,12.21
2003-01-14,D3,D3 Extreme drought,13.19
2003-01-21,D3,D3 Extreme drought,15.19
2003-01-28,D3,D3 Extreme drought,15.34
2003-02-04,D3,D3 Extreme drought,15.28
2003-02-11,D3,D3 Extreme drought,15.33
2003-02-18,D3,D3 Extreme drought,15.07
2003-02-25,D3,D3 Extreme drought,14.91
2003-03-04,D3,D3 Extreme drought,14.96
2003-03-11,D3,D3 Extreme drought,14.72
2003-03-18,D3,D3 Extreme drought,14.62
2003-03-25,D3,D3 Extreme drought,13.27
2003-04-01,D3,D3 Extreme drought,12.54
2003-04-08,D3,D3 Extreme drought,12.13
2003-04-15,D3,D3 Extreme drought,11.91
2003-04-22,D3,D3 Extreme drought,11.77
2003-04-29,D3,D3 Extreme drought,10.67
2003-05-06,D3,D3 Extreme drought,8.86
2003-05-13,D3,D3 Extreme drought,8.15
2003-05-20,D3,D3 Extreme drought,7.98
2003-05-27,D3,D3 Extreme drought,8.06
2003-06-03,D3,D3 Extreme drought,7.95
2003-06-10,D3,D3 Extreme drought,7.7
2003-06-17,D3,D3 Extreme drought,8.29
2003-06-24,D3,D3 Extreme drought,8.21
2003-07-01,D3,D3 Extreme drought,8.42
2003-07-08,D3,D3 Extreme drought,8.89
2003-07-15,D3,D3 Extreme drought,9.77
2003-07-22,D3,D3 Extreme drought,11.01
2003-07-29,D3,D3 Extreme drought,10.82
2003-08-05,D3,D3 Extreme drought,10.82
2003-08-12,D3,D3 Extreme drought,11.19
2003-08-19,D3,D3 Extreme drought,12.75
2003-08-26,D3,D3 Extreme drought,13.93
2003-09-02,D3,D3 Extreme drought,12.68
2003-09-09,D3,D3 Extreme drought,13.24
2003-09-16,D3,D3 Extreme drought,12.52
2003-09-23,D3,D3 Extreme drought,12.36
2003-09-30,D3,D3 Extreme drought,12.35
2003-10-07,D3,D3 Extreme drought,12.26
2003-10-14,D3,D3 Extreme drought,12.93
2003-10-21,D3,D3 Extreme drought,12.73
2003-10-28,D3,D3 Extreme drought,13.15
2003-11-04,D3,D3 Extreme drought,13.16
2003-11-11,D3,D3 Extreme drought,12.62
2003-11-18,D3,D3 Extreme drought,12.14
2003-11-25,D3,D3 Extreme drought,11.99
2003-12-02,D3,D3 Extreme drought,11.63
2003-12-09,D3,D3 Extreme drought,11.6
2003-12-16,D3,D3 Extreme drought,11.85
2003-12-23,D3,D3 Extreme drought,11.63
2003-12-30,D3,D3 Extreme drought,10.52
2004-01-06,D3,D3 Extreme drought,10.47
2004-01-13,D3,D3 Extreme drought,10.67
2004-01-20,D3,D3 Extreme drought,10.61
2004-01-27,D3,D3 Extreme drought,10.47
2004-02-03,D3,D3 Extreme drought,10.02
2004-02-10,D3,D3 Extreme drought,9.75
2004-02-17,D3,D3 Extreme drought,9.7
2004-02-24,D3,D3 Extreme drought,9.93
2004-03-02,D3,D3 Extreme drought,8.73
2004-03-09,D3,D3 Extreme drought,8.8
2004-03-16,D3,D3 Extreme drought,8.7
2004-03-23,D3,D3 Extreme drought,8.96
2004-03-30,D3,D3 Extreme drought,9.32
2004-04-06,D3,D3 Extreme drought,8.07
2004-04-13,D3,D3 Extreme drought,7.97
2004-04-20,D3,D3 Extreme drought,8.4
2004-04-27,D3,D3 Extreme drought,8.12
2004-05-04,D3,D3 Extreme drought,9.15
2004-05-11,D3,D3 Extreme drought,9.41
2004-05-18,D3,D3 Extreme drought,9.22
2004-05-25,D3,D3 Extreme drought,10.13
2004-06-01,D3,D3 Extreme drought,10.03
2004-06-08,D3,D3 Extreme drought,10.09
2004-06-15,D3,D3 Extreme drought,9.42
2004-06-22,D3,D3 Extreme drought,8.32
2004-06-29,D3,D3 Extreme drought,8.21
2004-07-06,D3,D3 Extreme drought,7.83
2004-07-13,D3,D3 Extreme drought,7.87
2004-07-20,D3,D3 Extreme drought,7.68
2004-07-27,D3,D3 Extreme drought,7.81
2004-08-03,D3,D3 Extreme drought,7.99
2004-08-10,D3,D3 Extreme drought,8.43
2004-08-17,D3,D3 Extreme drought,8.97
2004-08-24,D3,D3 Extreme drought,8.69
2004-08-31,D3,D3 Extreme drought,8.63
2004-09-07,D3,D3 Extreme drought,7.95
2004-09-14,D3,D3 Extreme drought,7.77
2004-09-21,D3,D3 Extreme drought,7.33
2004-09-28,D3,D3 Extreme drought,7.32
2004-10-05,D3,D3 Extreme drought,7.08
2004-10-12,D3,D3 Extreme drought,7.23
2004-10-19,D3,D3 Extreme drought,7.22
2004-10-26,D3,D3 Extreme drought,6.18
2004-11-02,D3,D3 Extreme drought,6.19
2004-11-09,D3,D3 Extreme drought,5.95
2004-11-16,D3,D3 Extreme drought,5.91
2004-11-23,D3,D3 Extreme drought,5.81
2004-11-30,D3,D3 Extreme drought,4.65
2004-12-07,D3,D3 Extreme drought,4.65
2004-12-14,D3,D3 Extreme drought,4.48
2004-12-21,D3,D3 Extreme drought,4.57
2004-12-28,D3,D3 Extreme drought,4.68
2005-01-04,D3,D3 Extreme drought,4.3
2005-01-11,D3,D3 Extreme drought,3.43
2005-01-18,D3,D3 Extreme drought,3.41
2005-01-25,D3,D3 Extreme drought,3.58
2005-02-01,D3,D3 Extreme drought,3.47
2005-02-08,D3,D3 Extreme drought,3.83
2005-02-15,D3,D3 Extreme drought,3.95
2005-02-22,D3,D3 Extreme drought,4.01
2005-03-01,D3,D3 Extreme drought,3.5
2005-03-08,D3,D3 Extreme drought,3.53
2005-03-15,D3,D3 Extreme drought,4.28
2005-03-22,D3,D3 Extreme drought,4.28
2005-03-29,D3,D3 Extreme drought,3.61
2005-04-05,D3,D3 Extreme drought,3.54
2005-04-12,D3,D3 Extreme drought,3.36
2005-04-19,D3,D3 Extreme drought,3.54
2005-04-26,D3,D3 Extreme drought,3.26
2005-05-03,D3,D3 Extreme drought,3.31
2005-05-10,D3,D3 Extreme drought,2.75
2005-05-17,D3,D3 Extreme drought,1.58
2005-05-24,D3,D3 Extreme drought,1.58
2005-05-31,D3,D3 Extreme drought,1.58
2005-06-07,D3,D3 Extreme drought,0.9
2005-06-14,D3,D3 Extreme drought,0.42
2005-06-21,D3,D3 Extreme drought,0
2005-06-28,D3,D3 Extreme drought,0.59
2005-07-05,D3,D3 Extreme drought,1.37
2005-07-12,D3,D3 Extreme drought,1.15
2005-07-19,D3,D3 Extreme drought,1.26
2005-07-26,D3,D3 Extreme drought,1.62
2005-08-02,D3,D3 Extreme drought,1.54
2005-08-09,D3,D3 Extreme drought,1.53
2005-08-16,D3,D3 Extreme drought,0.83
2005-08-23,D3,D3 Extreme drought,0.7
2005-08-30,D3,D3 Extreme drought,0.7
2005-09-06,D3,D3 Extreme drought,0.95
2005-09-13,D3,D3 Extreme drought,1.16
2005-09-20,D3,D3 Extreme drought,0.83
2005-09-27,D3,D3 Extreme drought,0.62
2005-10-04,D3,D3 Extreme drought,0.68
2005-10-11,D3,D3 Extreme drought,0.7
2005-10-18,D3,D3 Extreme drought,0.67
2005-10-25,D3,D3 Extreme drought,0.84
2005-11-01,D3,D3 Extreme drought,0.84
2005-11-08,D3,D3 Extreme drought,0.75
2005-11-15,D3,D3 Extreme drought,0.8
2005-11-22,D3,D3 Extreme drought,0.8
2005-11-29,D3,D3 Extreme drought,0.88
2005-12-06,D3,D3 Extreme drought,1.16
2005-12-13,D3,D3 Extreme drought,1.39
2005-12-20,D3,D3 Extreme drought,1.89
2005-12-27,D3,D3 Extreme drought,1.89
2006-01-03,D3,D3 Extreme drought,1.96
2006-01-10,D3,D3 Extreme drought,2.51
2006-01-17,D3,D3 Extreme drought,2.49
2006-01-24,D3,D3 Extreme drought,3.09
2006-01-31,D3,D3 Extreme drought,3.18
2006-02-07,D3,D3 Extreme drought,4.59
2006-02-14,D3,D3 Extreme drought,4.84
2006-02-21,D3,D3 Extreme drought,4.97
2006-02-28,D3,D3 Extreme drought,4.96
2006-03-07,D3,D3 Extreme drought,5.92
2006-03-14,D3,D3 Extreme drought,5.61
2006-03-21,D3,D3 Extreme drought,3.27
2006-03-28,D3,D3 Extreme drought,2.59
2006-04-04,D3,D3 Extreme drought,2.47
2006-04-11,D3,D3 Extreme drought,2.37
2006-04-18,D3,D3 Extreme drought,3.58
2006-04-25,D3,D3 Extreme drought,4.64
2006-05-02,D3,D3 Extreme drought,3.12
2006-05-09,D3,D3 Extreme drought,4.39
2006-05-16,D3,D3 Extreme drought,4.58
2006-05-23,D3,D3 Extreme drought,4.82
2006-05-30,D3,D3 Extreme drought,4.67
2006-06-06,D3,D3 Extreme drought,5.92
2006-06-13,D3,D3 Extreme drought,7.2
2006-06-20,D3,D3 Extreme drought,7.01
2006-06-27,D3,D3 Extreme drought,6.46
2006-07-04,D3,D3 Extreme drought,6.28
2006-07-11,D3,D3 Extreme drought,3.94
2006-07-18,D3,D3 Extreme drought,5.3
2006-07-25,D3,D3 Extreme drought,8.42
2006-08-01,D3,D3 Extreme drought,8.43
2006-08-08,D3,D3 Extreme drought,8.51
2006-08-15,D3,D3 Extreme drought,7.79
2006-08-22,D3,D3 Extreme drought,7.55
2006-08-29,D3,D3 Extreme drought,6.87
2006-09-05,D3,D3 Extreme drought,7.12
2006-09-12,D3,D3 Extreme drought,7.39
2006-09-19,D3,D3 Extreme drought,6.03
2006-09-26,D3,D3 Extreme drought,5.4
2006-10-03,D3,D3 Extreme drought,5.57
2006-10-10,D3,D3 Extreme drought,5.38
2006-10-17,D3,D3 Extreme drought,5.05
2006-10-24,D3,D3 Extreme drought,5.11
2006-10-31,D3,D3 Extreme drought,5.05
2006-11-07,D3,D3 Extreme drought,4.76
2006-11-14,D3,D3 Extreme drought,4.87
2006-11-21,D3,D3 Extreme drought,5.2
2006-11-28,D3,D3 Extreme drought,5.98
2006-12-05,D3,D3 Extreme drought,4.98
2006-12-12,D3,D3 Extreme drought,4.69
2006-12-19,D3,D3 Extreme drought,4.67
2006-12-26,D3,D3 Extreme drought,4.49
2007-01-02,D3,D3 Extreme drought,4.67
2007-01-09,D3,D3 Extreme drought,4.96
2007-01-16,D3,D3 Extreme drought,4.76
2007-01-23,D3,D3 Extreme drought,4.25
2007-01-30,D3,D3 Extreme drought,4.27
2007-02-06,D3,D3 Extreme drought,4.27
2007-02-13,D3,D3 Extreme drought,4.5
2007-02-20,D3,D3 Extreme drought,4.36
2007-02-27,D3,D3 Extreme drought,3.71
2007-03-06,D3,D3 Extreme drought,3.08
2007-03-13,D3,D3 Extreme drought,4.42
2007-03-20,D3,D3 Extreme drought,4.35
2007-03-27,D3,D3 Extreme drought,3.91
2007-04-03,D3,D3 Extreme drought,2.54
2007-04-10,D3,D3 Extreme drought,2.51
2007-04-17,D3,D3 Extreme drought,2.88
2007-04-24,D3,D3 Extreme drought,3.38
2007-05-01,D3,D3 Extreme drought,3.95
2007-05-08,D3,D3 Extreme drought,4.28
2007-05-15,D3,D3 Extreme drought,4.59
2007-05-22,D3,D3 Extreme drought,5.56
2007-05-29,D3,D3 Extreme drought,5.76
2007-06-05,D3,D3 Extreme drought,5.1
2007-06-12,D3,D3 Extreme drought,4.66
2007-06-19,D3,D3 Extreme drought,5.3
2007-06-26,D3,D3 Extreme drought,5.38
2007-07-03,D3,D3 Extreme drought,5.28
2007-07-10,D3,D3 Extreme drought,4.86
2007-07-17,D3,D3 Extreme drought,4.85
2007-07-24,D3,D3 Extreme drought,4.95
2007-07-31,D3,D3 Extreme drought,5.11
2007-08-07,D3,D3 Extreme drought,5.69
2007-08-14,D3,D3 Extreme drought,6.42
2007-08-21,D3,D3 Extreme drought,8.06
2007-08-28,D3,D3 Extreme drought,8.38
2007-09-04,D3,D3 Extreme drought,8.16
2007-09-11,D3,D3 Extreme drought,7.93
2007-09-18,D3,D3 Extreme drought,8.29
2007-09-25,D3,D3 Extreme drought,7.96
2007-10-02,D3,D3 Extreme drought,7.22
2007-10-09,D3,D3 Extreme drought,7.41
2007-10-16,D3,D3 Extreme drought,7.36
2007-10-23,D3,D3 Extreme drought,5.53
2007-10-30,D3,D3 Extreme drought,4.75
2007-11-06,D3,D3 Extreme drought,4.63
2007-11-13,D3,D3 Extreme drought,4.04
2007-11-20,D3,D3 Extreme drought,4.28
2007-11-27,D3,D3 Extreme drought,4.31
2007-12-04,D3,D3 Extreme drought,2.43
2007-12-11,D3,D3 Extreme drought,2.23
2007-12-18,D3,D3 Extreme drought,2.23
2007-12-25,D3,D3 Extreme drought,2.22
2008-01-01,D3,D3 Extreme drought,2.82
2008-01-08,D3,D3 Extreme drought,1.85
2008-01-15,D3,D3 Extreme drought,1.89
2008-01-22,D3,D3 Extreme drought,1.65
2008-01-29,D3,D3 Extreme drought,1.76
2008-02-05,D3,D3 Extreme drought,1.6
2008-02-12,D3,D3 Extreme drought,1.61
2008-02-19,D3,D3 Extreme drought,1.64
2008-02-26,D3,D3 Extreme drought,1.89
2008-03-04,D3,D3 Extreme drought,1.99
2008-03-11,D3,D3 Extreme drought,1.9
2008-03-18,D3,D3 Extreme drought,2.13
2008-03-25,D3,D3 Extreme drought,2.1
2008-04-01,D3,D3 Extreme drought,2.38
2008-04-08,D3,D3 Extreme drought,2.19
2008-04-15,D3,D3 Extreme drought,1.73
2008-04-22,D3,D3 Extreme drought,1.86
2008-04-29,D3,D3 Extreme drought,1.84
2008-05-06,D3,D3 Extreme drought,1.83
2008-05-13,D3,D3 Extreme drought,1.74
2008-05-20,D3,D3 Extreme drought,1.3
2008-05-27,D3,D3 Extreme drought,1.37
2008-06-03,D3,D3 Extreme drought,1.48
2008-06-10,D3,D3 Extreme drought,1.96
2008-06-17,D3,D3 Extreme drought,3.31
2008-06-24,D3,D3 Extreme drought,3.45
2008-07-01,D3,D3 Extreme drought,2.99
2008-07-08,D3,D3 Extreme drought,2.73
2008-07-15,D3,D3 Extreme drought,2.2
2008-07-22,D3,D3 Extreme drought,2.32
2008-07-29,D3,D3 Extreme drought,2.84
2008-08-05,D3,D3 Extreme drought,2.82
2008-08-12,D3,D3 Extreme drought,2.9
2008-08-19,D3,D3 Extreme drought,1.95
2008-08-26,D3,D3 Extreme drought,1.49
2008-09-02,D3,D3 Extreme drought,1.2
2008-09-09,D3,D3 Extreme drought,1.09
2008-09-16,D3,D3 Extreme drought,1.05
2008-09-23,D3,D3 Extreme drought,1.13
2008-09-30,D3,D3 Extreme drought,1.41
2008-10-07,D3,D3 Extreme drought,1.32
2008-10-14,D3,D3 Extreme drought,1.37
2008-10-21,D3,D3 Extreme drought,1.37
2008-10-28,D3,D3 Extreme drought,1.35
2008-11-04,D3,D3 Extreme drought,1.41
2008-11-11,D3,D3 Extreme drought,1.2
2008-11-18,D3,D3 Extreme drought,1.13
2008-11-25,D3,D3 Extreme drought,1.31
2008-12-02,D3,D3 Extreme drought,1.27
2008-12-09,D3,D3 Extreme drought,1.23
2008-12-16,D3,D3 Extreme drought,1.02
2008-12-23,D3,D3 Extreme drought,0.84
2008-12-30,D3,D3 Extreme drought,0.74
2009-01-06,D3,D3 Extreme drought,0.71
2009-01-13,D3,D3 Extreme drought,1.07
2009-01-20,D3,D3 Extreme drought,1.59
2009-01-27,D3,D3 Extreme drought,1.75
2009-02-03,D3,D3 Extreme drought,1.92
2009-02-10,D3,D3 Extreme drought,1.85
2009-02-17,D3,D3 Extreme drought,1.73
2009-02-24,D3,D3 Extreme drought,1.64
2009-03-03,D3,D3 Extreme drought,1.21
2009-03-10,D3,D3 Extreme drought,1.08
2009-03-17,D3,D3 Extreme drought,1.07
2009-03-24,D3,D3 Extreme drought,1.07
2009-03-31,D3,D3 Extreme drought,1.3
2009-04-07,D3,D3 Extreme drought,1.3
2009-04-14,D3,D3 Extreme drought,1.07
2009-04-21,D3,D3 Extreme drought,0.96
2009-04-28,D3,D3 Extreme drought,0.99
2009-05-05,D3,D3 Extreme drought,1.05
2009-05-12,D3,D3 Extreme drought,1.11
2009-05-19,D3,D3 Extreme drought,0.96
2009-05-26,D3,D3 Extreme drought,0.78
2009-06-02,D3,D3 Extreme drought,0.74
2009-06-09,D3,D3 Extreme drought,0.73
2009-06-16,D3,D3 Extreme drought,0.66
2009-06-23,D3,D3 Extreme drought,0.53
2009-06-30,D3,D3 Extreme drought,0.65
2009-07-07,D3,D3 Extreme drought,0.61
2009-07-14,D3,D3 Extreme drought,0.51
2009-07-21,D3,D3 Extreme drought,0.61
2009-07-28,D3,D3 Extreme drought,0.44
2009-08-04,D3,D3 Extreme drought,0.9
2009-08-11,D3,D3 Extreme drought,0.9
2009-08-18,D3,D3 Extreme drought,0.82
2009-08-25,D3,D3 Extreme drought,0.56
2009-09-01,D3,D3 Extreme drought,0.67
2009-09-08,D3,D3 Extreme drought,0.66
2009-09-15,D3,D3 Extreme drought,0.92
2009-09-22,D3,D3 Extreme drought,1.03
2009-09-29,D3,D3 Extreme drought,0.86
2009-10-06,D3,D3 Extreme drought,0.52
2009-10-13,D3,D3 Extreme drought,0.43
2009-10-20,D3,D3 Extreme drought,0.47
2009-10-27,D3,D3 Extreme drought,0.33
2009-11-03,D3,D3 Extreme drought,0.33
2009-11-10,D3,D3 Extreme drought,0.26
2009-11-17,D3,D3 Extreme drought,0.26
2009-11-24,D3,D3 Extreme drought,0.4
2009-12-01,D3,D3 Extreme drought,0.41
2009-12-08,D3,D3 Extreme drought,0.34
2009-12-15,D3,D3 Extreme drought,0.17
2009-12-22,D3,D3 Extreme drought,0.17
2009-12-29,D3,D3 Extreme drought,0.17
2010-01-05,D3,D3 Extreme drought,0.17
2010-01-12,D3,D3 Extreme drought,0.32
2010-01-19,D3,D3 Extreme drought,0.32
2010-01-26,D3,D3 Extreme drought,0.13
2010-02-02,D3,D3 Extreme drought,0.02
2010-02-09,D3,D3 Extreme drought,0.02
2010-02-16,D3,D3 Extreme drought,0.02
2010-02-23,D3,D3 Extreme drought,0.02
2010-03-02,D3,D3 Extreme drought,0.02
2010-03-09,D3,D3 Extreme drought,0.04
2010-03-16,D3,D3 Extreme drought,0.04
2010-03-23,D3,D3 Extreme drought,0.04
2010-03-30,D3,D3 Extreme drought,0.04
2010-04-06,D3,D3 Extreme drought,0.03
2010-04-13,D3,D3 Extreme drought,0.03
2010-04-20,D3,D3 Extreme drought,0.03
2010-04-27,D3,D3 Extreme drought,0.03
2010-05-04,D3,D3 Extreme drought,0.03
2010-05-11,D3,D3 Extreme drought,0.03
2010-05-18,D3,D3 Extreme drought,0.06
2010-05-25,D3,D3 Extreme drought,0.19
2010-06-01,D3,D3 Extreme drought,0.43
2010-06-08,D3,D3 Extreme drought,0.44
2010-06-15,D3,D3 Extreme drought,0.44
2010-06-22,D3,D3 Extreme drought,0.44
2010-06-29,D3,D3 Extreme drought,0.37
2010-07-06,D3,D3 Extreme drought,0.25
2010-07-13,D3,D3 Extreme drought,0.25
2010-07-20,D3,D3 Extreme drought,0.25
2010-07-27,D3,D3 Extreme drought,0.28
2010-08-03,D3,D3 Extreme drought,0.29
2010-08-10,D3,D3 Extreme drought,0.29
2010-08-17,D3,D3 Extreme drought,0.17
2010-08-24,D3,D3 Extreme drought,0.17
2010-08-31,D3,D3 Extreme drought,0.17
2010-09-07,D3,D3 Extreme drought,0.23
2010-09-14,D3,D3 Extreme drought,0.23
2010-09-21,D3,D3 Extreme drought,0.3
2010-09-28,D3,D3 Extreme drought,0.3
2010-10-05,D3,D3 Extreme drought,0.31
2010-10-12,D3,D3 Extreme drought,0.48
2010-10-19,D3,D3 Extreme drought,0.94
2010-10-26,D3,D3 Extreme drought,1.03
2010-11-02,D3,D3 Extreme drought,1.15
2010-11-09,D3,D3 Extreme drought,1.17
2010-11-16,D3,D3 Extreme drought,1.08
2010-11-23,D3,D3 Extreme drought,0.99
2010-11-30,D3,D3 Extreme drought,0.68
2010-12-07,D3,D3 Extreme drought,1.1
2010-12-14,D3,D3 Extreme drought,1.2
2010-12-21,D3,D3 Extreme drought,1.64
2010-12-28,D3,D3 Extreme drought,1.98
2011-01-04,D3,D3 Extreme drought,2.17
2011-01-11,D3,D3 Extreme drought,1.99
2011-01-18,D3,D3 Extreme drought,1.82
2011-01-25,D3,D3 Extreme drought,1.74
2011-02-01,D3,D3 Extreme drought,1.34
2011-02-08,D3,D3 Extreme drought,1.2
2011-02-15,D3,D3 Extreme drought,1.2
2011-02-22,D3,D3 Extreme drought,1.73
2011-03-01,D3,D3 Extreme drought,1.92
2011-03-08,D3,D3 Extreme drought,2.24
2011-03-15,D3,D3 Extreme drought,2.8
2011-03-22,D3,D3 Extreme drought,3.98
2011-03-29,D3,D3 Extreme drought,5.36
2011-04-05,D3,D3 Extreme drought,6.96
2011-04-12,D3,D3 Extreme drought,6.74
2011-04-19,D3,D3 Extreme drought,7.06
2011-04-26,D3,D3 Extreme drought,7.68
2011-05-03,D3,D3 Extreme drought,7.13
2011-05-10,D3,D3 Extreme drought,5.47
2011-05-17,D3,D3 Extreme drought,5.97
2011-05-24,D3,D3 Extreme drought,6.55
2011-05-31,D3,D3 Extreme drought,7.04
2011-06-07,D3,D3 Extreme drought,6.63
2011-06-14,D3,D3 Extreme drought,6.18
2011-06-21,D3,D3 Extreme drought,5.15
2011-06-28,D3,D3 Extreme drought,5.38
2011-07-05,D3,D3 Extreme drought,5.72
2011-07-12,D3,D3 Extreme drought,5.61
2011-07-19,D3,D3 Extreme drought,5.95
2011-07-26,D3,D3 Extreme drought,5.97
2011-08-02,D3,D3 Extreme drought,6.15
2011-08-09,D3,D3 Extreme drought,5.86
2011-08-16,D3,D3 Extreme drought,5.46
2011-08-23,D3,D3 Extreme drought,5.09
2011-08-30,D3,D3 Extreme drought,5.9
2011-09-06,D3,D3 Extreme drought,5.72
2011-09-13,D3,D3 Extreme drought,5.68
2011-09-20,D3,D3 Extreme drought,5.55
2011-09-27,D3,D3 Extreme drought,5.38
2011-10-04,D3,D3 Extreme drought,5.27
2011-10-11,D3,D3 Extreme drought,6.16
2011-10-18,D3,D3 Extreme drought,6.29
2011-10-25,D3,D3 Extreme drought,6.45
2011-11-01,D3,D3 Extreme drought,7.42
2011-11-08,D3,D3 Extreme drought,7.29
2011-11-15,D3,D3 Extreme drought,7.12
2011-11-22,D3,D3 Extreme drought,7.02
2011-11-29,D3,D3 Extreme drought,7.51
2011-12-06,D3,D3 Extreme drought,7.54
2011-12-13,D3,D3 Extreme drought,6.92
2011-12-20,D3,D3 Extreme drought,5.68
2011-12-27,D3,D3 Extreme drought,5.61
2012-01-03,D3,D3 Extreme drought,5.74
2012-01-10,D3,D3 Extreme drought,5.96
2012-01-17,D3,D3 Extreme drought,6.22
2012-01-24,D3,D3 Extreme drought,5.9
2012-01-31,D3,D3 Extreme drought,5.37
2012-02-07,D3,D3 Extreme drought,5.04
2012-02-14,D3,D3 Extreme drought,5.1
2012-02-21,D3,D3 Extreme drought,4.36
2012-02-28,D3,D3 Extreme drought,4.3
2012-03-06,D3,D3 Extreme drought,4.02
2012-03-13,D3,D3 Extreme drought,4.08
2012-03-20,D3,D3 Extreme drought,3.92
2012-03-27,D3,D3 Extreme drought,3.83
2012-04-03,D3,D3 Extreme drought,3.96
2012-04-10,D3,D3 Extreme drought,3.92
2012-04-17,D3,D3 Extreme drought,3.92
2012-04-24,D3,D3 Extreme drought,4.03
2012-05-01,D3,D3 Extreme drought,4.18
2012-05-08,D3,D3 Extreme drought,4.33
2012-05-15,D3,D3 Extreme drought,3.93
2012-05-22,D3,D3 Extreme drought,4.18
2012-05-29,D3,D3 Extreme drought,3.83
2012-06-05,D3,D3 Extreme drought,3.36
2012-06-12,D3,D3 Extreme drought,3.05
2012-06-19,D3,D3 Extreme drought,4.11
2012-06-26,D3,D3 Extreme drought,6.81
2012-07-03,D3,D3 Extreme drought,8.14
2012-07-10,D3,D3 Extreme drought,9.09
2012-07-17,D3,D3 Extreme drought,10.49
2012-07-24,D3,D3 Extreme drought,15.21
2012-07-31,D3,D3 Extreme drought,16.1
2012-08-07,D3,D3 Extreme drought,16.67
2012-08-14,D3,D3 Extreme drought,14.57
2012-08-21,D3,D3 Extreme drought,13.97
2012-08-28,D3,D3 Extreme drought,14.33
2012-09-04,D3,D3 Extreme drought,12.81
2012-09-11,D3,D3 Extreme drought,12.44
2012-09-18,D3,D3 Extreme drought,12.37
2012-09-25,D3,D3 Extreme drought,12.85
2012-10-02,D3,D3 Extreme drought,11.76
2012-10-09,D3,D3 Extreme drought,11.69
2012-10-16,D3,D3 Extreme drought,11.08
2012-10-23,D3,D3 Extreme drought,11.45
2012-10-30,D3,D3 Extreme drought,11.01
2012-11-06,D3,D3 Extreme drought,11.03
2012-11-13,D3,D3 Extreme drought,10.29
2012-11-20,D3,D3 Extreme drought,10.69
2012-11-27,D3,D3 Extreme drought,11.49
2012-12-04,D3,D3 Extreme drought,11.82
2012-12-11,D3,D3 Extreme drought,12.19
2012-12-18,D3,D3 Extreme drought,12.58
2012-12-25,D3,D3 Extreme drought,12.44
2013-01-01,D3,D3 Extreme drought,12.18
2013-01-08,D3,D3 Extreme drought,11.8
2013-01-15,D3,D3 Extreme drought,10.95
2013-01-22,D3,D3 Extreme drought,10.84
2013-01-29,D3,D3 Extreme drought,10.87
2013-02-05,D3,D3 Extreme drought,10.25
2013-02-12,D3,D3 Extreme drought,9.29
2013-02-19,D3,D3 Extreme drought,10.03
2013-02-26,D3,D3 Extreme drought,9.63
2013-03-05,D3,D3 Extreme drought,9.7
2013-03-12,D3,D3 Extreme drought,9.39
2013-03-19,D3,D3 Extreme drought,9.57
2013-03-26,D3,D3 Extreme drought,9.83
2013-04-02,D3,D3 Extreme drought,9.97
2013-04-09,D3,D3 Extreme drought,11.15
2013-04-16,D3,D3 Extreme drought,10.03
2013-04-23,D3,D3 Extreme drought,10.14
2013-04-30,D3,D3 Extreme drought,8.83
2013-05-07,D3,D3 Extreme drought,8.15
2013-05-14,D3,D3 Extreme drought,7.72
2013-05-21,D3,D3 Extreme drought,6.43
2013-05-28,D3,D3 Extreme drought,5.86
2013-06-04,D3,D3 Extreme drought,5.56
2013-06-11,D3,D3 Extreme drought,5.57
2013-06-18,D3,D3 Extreme drought,6.88
2013-06-25,D3,D3 Extreme drought,7.33
2013-07-02,D3,D3 Extreme drought,7.43
2013-07-09,D3,D3 Extreme drought,7.67
2013-07-16,D3,D3 Extreme drought,7.52
2013-07-23,D3,D3 Extreme drought,7.28
2013-07-30,D3,D3 Extreme drought,7.22
2013-08-06,D3,D3 Extreme drought,7.69
2013-08-13,D3,D3 Extreme drought,8.14
2013-08-20,D3,D3 Extreme drought,7.71
2013-08-27,D3,D3 Extreme drought,7.71
2013-09-03,D3,D3 Extreme drought,7.19
2013-09-10,D3,D3 Extreme drought,7.44
2013-09-17,D3,D3 Extreme drought,5.37
2013-09-24,D3,D3 Extreme drought,3.36
2013-10-01,D3,D3 Extreme drought,2.32
2013-10-08,D3,D3 Extreme drought,2.2
2013-10-15,D3,D3 Extreme drought,2.07
2013-10-22,D3,D3 Extreme drought,2.11
2013-10-29,D3,D3 Extreme drought,2.12
2013-11-05,D3,D3 Extreme drought,2.17
2013-11-12,D3,D3 Extreme drought,2.21
2013-11-19,D3,D3 Extreme drought,2.96
2013-11-26,D3,D3 Extreme drought,2.86
2013-12-03,D3,D3 Extreme drought,2.88
2013-12-10,D3,D3 Extreme drought,2.87
2013-12-17,D3,D3 Extreme drought,2.92
2013-12-24,D3,D3 Extreme drought,3.03
2013-12-31,D3,D3 Extreme drought,3
2014-01-07,D3,D3 Extreme drought,3.15
2014-01-14,D3,D3 Extreme drought,5.05
2014-01-21,D3,D3 Extreme drought,5.05
2014-01-28,D3,D3 Extreme drought,5.35
2014-02-04,D3,D3 Extreme drought,5.42
2014-02-11,D3,D3 Extreme drought,5
2014-02-18,D3,D3 Extreme drought,5.11
2014-02-25,D3,D3 Extreme drought,4.92
2014-03-04,D3,D3 Extreme drought,4.87
2014-03-11,D3,D3 Extreme drought,5.04
2014-03-18,D3,D3 Extreme drought,5.7
2014-03-25,D3,D3 Extreme drought,6.35
2014-04-01,D3,D3 Extreme drought,6.37
2014-04-08,D3,D3 Extreme drought,6.14
2014-04-15,D3,D3 Extreme drought,6.08
2014-04-22,D3,D3 Extreme drought,6.86
2014-04-29,D3,D3 Extreme drought,7.42
2014-05-06,D3,D3 Extreme drought,8.39
2014-05-13,D3,D3 Extreme drought,7.97
2014-05-20,D3,D3 Extreme drought,7.92
2014-05-27,D3,D3 Extreme drought,8.6
2014-06-03,D3,D3 Extreme drought,8.53
2014-06-10,D3,D3 Extreme drought,7.93
2014-06-17,D3,D3 Extreme drought,7.1
2014-06-24,D3,D3 Extreme drought,6.95
2014-07-01,D3,D3 Extreme drought,7.52
2014-07-08,D3,D3 Extreme drought,7.59
2014-07-15,D3,D3 Extreme drought,7.53
2014-07-22,D3,D3 Extreme drought,7.07
2014-07-29,D3,D3 Extreme drought,5.6
2014-08-05,D3,D3 Extreme drought,5.31
2014-08-12,D3,D3 Extreme drought,5.38
2014-08-19,D3,D3 Extreme drought,5.27
2014-08-26,D3,D3 Extreme drought,5.24
2014-09-02,D3,D3 Extreme drought,5.1
2014-09-09,D3,D3 Extreme drought,4.82
2014-09-16,D3,D3 Extreme drought,4.68
2014-09-23,D3,D3 Extreme drought,4.63
2014-09-30,D3,D3 Extreme drought,4.65
2014-10-07,D3,D3 Extreme drought,4.66
2014-10-14,D3,D3 Extreme drought,4.53
2014-10-21,D3,D3 Extreme drought,4.35
2014-10-28,D3,D3 Extreme drought,4.33
2014-11-04,D3,D3 Extreme drought,4.26
2014-11-11,D3,D3 Extreme drought,4.2
2014-11-18,D3,D3 Extreme drought,4.2
2014-11-25,D3,D3 Extreme drought,4.22
2014-12-02,D3,D3 Extreme drought,4.29
2014-12-09,D3,D3 Extreme drought,4.38
2014-12-16,D3,D3 Extreme drought,5.31
2014-12-23,D3,D3 Extreme drought,5.28
2014-12-30,D3,D3 Extreme drought,5.37
2015-01-06,D3,D3 Extreme drought,5.32
2015-01-13,D3,D3 Extreme drought,4.98
2015-01-20,D3,D3 Extreme drought,4.99
2015-01-27,D3,D3 Extreme drought,4.85
2015-02-03,D3,D3 Extreme drought,4.8
2015-02-10,D3,D3 Extreme drought,4.36
2015-02-17,D3,D3 Extreme drought,4.38
2015-02-24,D3,D3 Extreme drought,4.61
2015-03-03,D3,D3 Extreme drought,4.37
2015-03-10,D3,D3 Extreme drought,4.36
2015-03-17,D3,D3 Extreme drought,4.55
2015-03-24,D3,D3 Extreme drought,4.57
2015-03-31,D3,D3 Extreme drought,4.7
2015-04-07,D3,D3 Extreme drought,4.61
2015-04-14,D3,D3 Extreme drought,4.63
2015-04-21,D3,D3 Extreme drought,4.19
2015-04-28,D3,D3 Extreme drought,3.92
2015-05-05,D3,D3 Extreme drought,3.74
2015-05-12,D3,D3 Extreme drought,3.39
2015-05-19,D3,D3 Extreme drought,3.18
2015-05-26,D3,D3 Extreme drought,3.18
2015-06-02,D3,D3 Extreme drought,3.31
2015-06-09,D3,D3 Extreme drought,3.21
2015-06-16,D3,D3 Extreme drought,3.26
2015-06-23,D3,D3 Extreme drought,3.26
2015-06-30,D3,D3 Extreme drought,3.26
2015-07-07,D3,D3 Extreme drought,3.85
2015-07-14,D3,D3 Extreme drought,3.89
2015-07-21,D3,D3 Extreme drought,3.89
2015-07-28,D3,D3 Extreme drought,5
2015-08-04,D3,D3 Extreme drought,5.01
2015-08-11,D3,D3 Extreme drought,5.18
2015-08-18,D3,D3 Extreme drought,5.37
2015-08-25,D3,D3 Extreme drought,6.67
2015-09-01,D3,D3 Extreme drought,6.47
2015-09-08,D3,D3 Extreme drought,6.63
2015-09-15,D3,D3 Extreme drought,6.84
2015-09-22,D3,D3 Extreme drought,6.99
2015-09-29,D3,D3 Extreme drought,7.07
2015-10-06,D3,D3 Extreme drought,7.5
2015-10-13,D3,D3 Extreme drought,8.35
2015-10-20,D3,D3 Extreme drought,8.92
2015-10-27,D3,D3 Extreme drought,6.14
2015-11-03,D3,D3 Extreme drought,5.12
2015-11-10,D3,D3 Extreme drought,4.82
2015-11-17,D3,D3 Extreme drought,4.82
2015-11-24,D3,D3 Extreme drought,4.78
2015-12-01,D3,D3 Extreme drought,4.72
2015-12-08,D3,D3 Extreme drought,4.41
2015-12-15,D3,D3 Extreme drought,3.25
2015-12-22,D3,D3 Extreme drought,3.25
2015-12-29,D3,D3 Extreme drought,2.99
2016-01-05,D3,D3 Extreme drought,2.06
2016-01-12,D3,D3 Extreme drought,2.16
2016-01-19,D3,D3 Extreme drought,2.03
2016-01-26,D3,D3 Extreme drought,1.95
2016-02-02,D3,D3 Extreme drought,1.98
2016-02-09,D3,D3 Extreme drought,1.73
2016-02-16,D3,D3 Extreme drought,1.58
2016-02-23,D3,D3 Extreme drought,1.56
2016-03-01,D3,D3 Extreme drought,1.56
2016-03-08,D3,D3 Extreme drought,1.56
2016-03-15,D3,D3 Extreme drought,1.58
2016-03-22,D3,D3 Extreme drought,1.58
2016-03-29,D3,D3 Extreme drought,1.58
2016-04-05,D3,D3 Extreme drought,1.71
2016-04-12,D3,D3 Extreme drought,1.71
2016-04-19,D3,D3 Extreme drought,1.96
2016-04-26,D3,D3 Extreme drought,1.96
2016-05-03,D3,D3 Extreme drought,1.96
2016-05-10,D3,D3 Extreme drought,1.91
2016-05-17,D3,D3 Extreme drought,1.14
2016-05-24,D3,D3 Extreme drought,1.14
2016-05-31,D3,D3 Extreme drought,1.14
2016-06-07,D3,D3 Extreme drought,1.14
2016-06-14,D3,D3 Extreme drought,0.97
2016-06-21,D3,D3 Extreme drought,0.97
2016-06-28,D3,D3 Extreme drought,1.05
2016-07-05,D3,D3 Extreme drought,1.18
2016-07-12,D3,D3 Extreme drought,1.23
2016-07-19,D3,D3 Extreme drought,1.47
2016-07-26,D3,D3 Extreme drought,1.52
2016-08-02,D3,D3 Extreme drought,1.49
2016-08-09,D3,D3 Extreme drought,1.44
2016-08-16,D3,D3 Extreme drought,1.51
2016-08-23,D3,D3 Extreme drought,1.34
2016-08-30,D3,D3 Extreme drought,1.34
2016-09-06,D3,D3 Extreme drought,1.36
2016-09-13,D3,D3 Extreme drought,1.47
2016-09-20,D3,D3 Extreme drought,1.54
2016-09-27,D3,D3 Extreme drought,1.7
2016-10-04,D3,D3 Extreme drought,1.65
2016-10-11,D3,D3 Extreme drought,1.83
2016-10-18,D3,D3 Extreme drought,2.14
2016-10-25,D3,D3 Extreme drought,2.12
2016-11-01,D3,D3 Extreme drought,2.63
2016-11-08,D3,D3 Extreme drought,2.55
2016-11-15,D3,D3 Extreme drought,3.38
2016-11-22,D3,D3 Extreme drought,4.62
2016-11-29,D3,D3 Extreme drought,4.99
2016-12-06,D3,D3 Extreme drought,2.77
2016-12-13,D3,D3 Extreme drought,2.54
2016-12-20,D3,D3 Extreme drought,2.24
2016-12-27,D3,D3 Extreme drought,2.27
2017-01-03,D3,D3 Extreme drought,1.83
2017-01-10,D3,D3 Extreme drought,2.09
2017-01-17,D3,D3 Extreme drought,1.91
2017-01-24,D3,D3 Extreme drought,0.37
2017-01-31,D3,D3 Extreme drought,0.34
2017-02-07,D3,D3 Extreme drought,0.29
2017-02-14,D3,D3 Extreme drought,0.29
2017-02-21,D3,D3 Extreme drought,0.28
2017-02-28,D3,D3 Extreme drought,0.41
2017-03-07,D3,D3 Extreme drought,0.45
2017-03-14,D3,D3 Extreme drought,0.41
2017-03-21,D3,D3 Extreme drought,0.36
2017-03-28,D3,D3 Extreme drought,0.17
2017-04-04,D3,D3 Extreme drought,0.09
2017-04-11,D3,D3 Extreme drought,0.07
2017-04-18,D3,D3 Extreme drought,0.07
2017-04-25,D3,D3 Extreme drought,0.03
2017-05-02,D3,D3 Extreme drought,0.1
2017-05-09,D3,D3 Extreme drought,0.23
2017-05-16,D3,D3 Extreme drought,0.36
2017-05-23,D3,D3 Extreme drought,0.35
2017-05-30,D3,D3 Extreme drought,0.24
2017-06-06,D3,D3 Extreme drought,0
2017-06-13,D3,D3 Extreme drought,0
2017-06-20,D3,D3 Extreme drought,0.46
2017-06-27,D3,D3 Extreme drought,0.81
2017-07-04,D3,D3 Extreme drought,1.19
2017-07-11,D3,D3 Extreme drought,1.83
2017-07-18,D3,D3 Extreme drought,1.74
2017-07-25,D3,D3 Extreme drought,1.56
2017-08-01,D3,D3 Extreme drought,1.54
2017-08-08,D3,D3 Extreme drought,1.35
2017-08-15,D3,D3 Extreme drought,1.46
2017-08-22,D3,D3 Extreme drought,1.54
2017-08-29,D3,D3 Extreme drought,1.21
2017-09-05,D3,D3 Extreme drought,1.29
2017-09-12,D3,D3 Extreme drought,1.55
2017-09-19,D3,D3 Extreme drought,1.28
2017-09-26,D3,D3 Extreme drought,1.25
2017-10-03,D3,D3 Extreme drought,0.75
2017-10-10,D3,D3 Extreme drought,0.67
2017-10-17,D3,D3 Extreme drought,0.69
2017-10-24,D3,D3 Extreme drought,0.74
2017-10-31,D3,D3 Extreme drought,0.74
2017-11-07,D3,D3 Extreme drought,0.63
2017-11-14,D3,D3 Extreme drought,0.63
2017-11-21,D3,D3 Extreme drought,0.63
2017-11-28,D3,D3 Extreme drought,0.86
2017-12-05,D3,D3 Extreme drought,1.03
2017-12-12,D3,D3 Extreme drought,1.49
2017-12-19,D3,D3 Extreme drought,1.07
2017-12-26,D3,D3 Extreme drought,0.7
2018-01-02,D3,D3 Extreme drought,0.69
2018-01-09,D3,D3 Extreme drought,0.39
2018-01-16,D3,D3 Extreme drought,0.54
2018-01-23,D3,D3 Extreme drought,0.75
2018-01-30,D3,D3 Extreme drought,1.44
2018-02-06,D3,D3 Extreme drought,2.17
2018-02-13,D3,D3 Extreme drought,2.47
2018-02-20,D3,D3 Extreme drought,2.69
2018-02-27,D3,D3 Extreme drought,2.69
2018-03-06,D3,D3 Extreme drought,4.03
2018-03-13,D3,D3 Extreme drought,4.57
2018-03-20,D3,D3 Extreme drought,5.19
2018-03-27,D3,D3 Extreme drought,5.61
2018-04-03,D3,D3 Extreme drought,5.84
2018-04-10,D3,D3 Extreme drought,5.68
2018-04-17,D3,D3 Extreme drought,5.41
2018-04-24,D3,D3 Extreme drought,5.46
2018-05-01,D3,D3 Extreme drought,5.59
2018-05-08,D3,D3 Extreme drought,5.85
2018-05-15,D3,D3 Extreme drought,5.87
2018-05-22,D3,D3 Extreme drought,5.85
2018-05-29,D3,D3 Extreme drought,5.97
2018-06-05,D3,D3 Extreme drought,5.95
2018-06-12,D3,D3 Extreme drought,6.07
2018-06-19,D3,D3 Extreme drought,5.35
2018-06-26,D3,D3 Extreme drought,5.38
2018-07-03,D3,D3 Extreme drought,5.39
2018-07-10,D3,D3 Extreme drought,5.8
2018-07-17,D3,D3 Extreme drought,5.64
2018-07-24,D3,D3 Extreme drought,5.88
2018-07-31,D3,D3 Extreme drought,5.76
2018-08-07,D3,D3 Extreme drought,6.11
2018-08-14,D3,D3 Extreme drought,5.38
2018-08-21,D3,D3 Extreme drought,4.96
2018-08-28,D3,D3 Extreme drought,4.96
2018-09-04,D3,D3 Extreme drought,5.06
2018-09-11,D3,D3 Extreme drought,4.52
2018-09-18,D3,D3 Extreme drought,4.71
2018-09-25,D3,D3 Extreme drought,4.81
2018-10-02,D3,D3 Extreme drought,4.63
2018-10-09,D3,D3 Extreme drought,3.51
2018-10-16,D3,D3 Extreme drought,3
2018-10-23,D3,D3 Extreme drought,2.88
2018-10-30,D3,D3 Extreme drought,2.76
2018-11-06,D3,D3 Extreme drought,2.49
2018-11-13,D3,D3 Extreme drought,2.48
2018-11-20,D3,D3 Extreme drought,2.49
2018-11-27,D3,D3 Extreme drought,2.47
2018-12-04,D3,D3 Extreme drought,2.19
2018-12-11,D3,D3 Extreme drought,2.16
2018-12-18,D3,D3 Extreme drought,2.15
2018-12-25,D3,D3 Extreme drought,1.84
2019-01-01,D3,D3 Extreme drought,1.8
2019-01-08,D3,D3 Extreme drought,1.7
2019-01-15,D3,D3 Extreme drought,1.65
2019-01-22,D3,D3 Extreme drought,1.52
2019-01-29,D3,D3 Extreme drought,1.47
2019-02-05,D3,D3 Extreme drought,1.46
2019-02-12,D3,D3 Extreme drought,1.55
2019-02-19,D3,D3 Extreme drought,1.06
2019-02-26,D3,D3 Extreme drought,0.43
2019-03-05,D3,D3 Extreme drought,0.41
2019-03-12,D3,D3 Extreme drought,0.41
2019-03-19,D3,D3 Extreme drought,0.27
2019-03-26,D3,D3 Extreme drought,0
2019-04-02,D3,D3 Extreme drought,0
2019-04-09,D3,D3 Extreme drought,0
2019-04-16,D3,D3 Extreme drought,0
2019-04-23,D3,D3 Extreme drought,0
2019-04-30,D3,D3 Extreme drought,0
2019-05-07,D3,D3 Extreme drought,0
2019-05-14,D3,D3 Extreme drought,0
2019-05-21,D3,D3 Extreme drought,0.14
2019-05-28,D3,D3 Extreme drought,0.14
2019-06-04,D3,D3 Extreme drought,0.14
2019-06-11,D3,D3 Extreme drought,0.14
2019-06-18,D3,D3 Extreme drought,0.14
2019-06-25,D3,D3 Extreme drought,0.14
2019-07-02,D3,D3 Extreme drought,0.14
2019-07-09,D3,D3 Extreme drought,0.14
2019-07-16,D3,D3 Extreme drought,0.14
2019-07-23,D3,D3 Extreme drought,0.14
2019-07-30,D3,D3 Extreme drought,0.14
2019-08-06,D3,D3 Extreme drought,0.14
2019-08-13,D3,D3 Extreme drought,0.16
2019-08-20,D3,D3 Extreme drought,0.26
2019-08-27,D3,D3 Extreme drought,0.38
2019-09-03,D3,D3 Extreme drought,0.41
2019-09-10,D3,D3 Extreme drought,0.5
2019-09-17,D3,D3 Extreme drought,0.51
2019-09-24,D3,D3 Extreme drought,0.4
2019-10-01,D3,D3 Extreme drought,0.8
2019-10-08,D3,D3 Extreme drought,1.15
2019-10-15,D3,D3 Extreme drought,1.24
2019-10-22,D3,D3 Extreme drought,0.77
2019-10-29,D3,D3 Extreme drought,0.43
2019-11-05,D3,D3 Extreme drought,0.44
2019-11-12,D3,D3 Extreme drought,0.04
2019-11-19,D3,D3 Extreme drought,0.16
2019-11-26,D3,D3 Extreme drought,0.16
2019-12-03,D3,D3 Extreme drought,0.09
2019-12-10,D3,D3 Extreme drought,0.09
2019-12-17,D3,D3 Extreme drought,0.09
2019-12-24,D3,D3 Extreme drought,0.09
2019-12-31,D3,D3 Extreme drought,0.06
2020-01-07,D3,D3 Extreme drought,0.1
2020-01-14,D3,D3 Extreme drought,0.1
2020-01-21,D3,D3 Extreme drought,0.06
2020-01-28,D3,D3 Extreme drought,0.04
2020-02-04,D3,D3 Extreme drought,0.06
2020-02-11,D3,D3 Extreme drought,0.14
2020-02-18,D3,D3 Extreme drought,0.2
2020-02-25,D3,D3 Extreme drought,0.2
2020-03-03,D3,D3 Extreme drought,0.43
2020-03-10,D3,D3 Extreme drought,0.43
2020-03-17,D3,D3 Extreme drought,0.49
2020-03-24,D3,D3 Extreme drought,0.3
2020-03-31,D3,D3 Extreme drought,0.37
2020-04-07,D3,D3 Extreme drought,0.17
2020-04-14,D3,D3 Extreme drought,0.12
2020-04-21,D3,D3 Extreme drought,0.41
2020-04-28,D3,D3 Extreme drought,0.39
2020-05-05,D3,D3 Extreme drought,0.81
2020-05-12,D3,D3 Extreme drought,1.01
2020-05-19,D3,D3 Extreme drought,1.09
2020-05-26,D3,D3 Extreme drought,1.03
2020-06-02,D3,D3 Extreme drought,1.07
2020-06-09,D3,D3 Extreme drought,1.5
2020-06-16,D3,D3 Extreme drought,1.9
2020-06-23,D3,D3 Extreme drought,1.9
2020-06-30,D3,D3 Extreme drought,2.02
2020-07-07,D3,D3 Extreme drought,1.96
2020-07-14,D3,D3 Extreme drought,2.29
2020-07-21,D3,D3 Extreme drought,2.18
2020-07-28,D3,D3 Extreme drought,2.43
2020-08-04,D3,D3 Extreme drought,2.63
2020-08-11,D3,D3 Extreme drought,3.2
2020-08-18,D3,D3 Extreme drought,3.66
2020-08-25,D3,D3 Extreme drought,6.52
2020-09-01,D3,D3 Extreme drought,7.11
2020-09-08,D3,D3 Extreme drought,9.65
2020-09-15,D3,D3 Extreme drought,9.28
2020-09-22,D3,D3 Extreme drought,10.19
2020-09-29,D3,D3 Extreme drought,11.23
2020-10-06,D3,D3 Extreme drought,11.6
2020-10-13,D3,D3 Extreme drought,12.34
2020-10-20,D3,D3 Extreme drought,12.87
2020-10-27,D3,D3 Extreme drought,12.7
2020-11-03,D3,D3 Extreme drought,12.46
2020-11-10,D3,D3 Extreme drought,12.32
2020-11-17,D3,D3 Extreme drought,11.01
2020-11-24,D3,D3 Extreme drought,9.92
2020-12-01,D3,D3 Extreme drought,9.33
2020-12-08,D3,D3 Extreme drought,9.36
2020-12-15,D3,D3 Extreme drought,10.15
2020-12-22,D3,D3 Extreme drought,10.3
2020-12-29,D3,D3 Extreme drought,10.3
2021-01-05,D3,D3 Extreme drought,9.72
2021-01-12,D3,D3 Extreme drought,9.96
2021-01-19,D3,D3 Extreme drought,9.95
2021-01-26,D3,D3 Extreme drought,10.14
2021-02-02,D3,D3 Extreme drought,9.7
2021-02-09,D3,D3 Extreme drought,9.67
2021-02-16,D3,D3 Extreme drought,9.09
2021-02-23,D3,D3 Extreme drought,8.54
2021-03-02,D3,D3 Extreme drought,8.45
2021-03-09,D3,D3 Extreme drought,8.34
2021-03-16,D3,D3 Extreme drought,7.69
2021-03-23,D3,D3 Extreme drought,7.79
2021-03-30,D3,D3 Extreme drought,8.33
2021-04-06,D3,D3 Extreme drought,9.46
2021-04-13,D3,D3 Extreme drought,9.85
2021-04-20,D3,D3 Extreme drought,10.06
2021-04-27,D3,D3 Extreme drought,10.45
2021-05-04,D3,D3 Extreme drought,11.28
2021-05-11,D3,D3 Extreme drought,10.83
2021-05-18,D3,D3 Extreme drought,10.18
2021-05-25,D3,D3 Extreme drought,9.2
2021-06-01,D3,D3 Extreme drought,9.37
2021-06-08,D3,D3 Extreme drought,9.5
2021-06-15,D3,D3 Extreme drought,9.64
2021-06-22,D3,D3 Extreme drought,9.98
2021-06-29,D3,D3 Extreme drought,10.89
2021-07-06,D3,D3 Extreme drought,11.04
2021-07-13,D3,D3 Extreme drought,11.94
2021-07-20,D3,D3 Extreme drought,13.02
2021-07-27,D3,D3 Extreme drought,13.9
2021-08-03,D3,D3 Extreme drought,14.26
2021-08-10,D3,D3 Extreme drought,14.54
2021-08-17,D3,D3 Extreme drought,14.68
2021-08-24,D3,D3 Extreme drought,14.44
2021-08-31,D3,D3 Extreme drought,13.85
2021-09-07,D3,D3 Extreme drought,13.68
2021-09-14,D3,D3 Extreme drought,13.58
2021-09-21,D3,D3 Extreme drought,12.97
2021-09-28,D3,D3 Extreme drought,13.25
2021-10-05,D3,D3 Extreme drought,13.39
2021-10-12,D3,D3 Extreme drought,12.72
2021-10-19,D3,D3 Extreme drought,11.78
2021-10-26,D3,D3 Extreme drought,10.91
2021-11-02,D3,D3 Extreme drought,10.23
2021-11-09,D3,D3 Extreme drought,10.25
2021-11-16,D3,D3 Extreme drought,9.9
2021-11-23,D3,D3 Extreme drought,9.97
2021-11-30,D3,D3 Extreme drought,10.41
2021-12-07,D3,D3 Extreme drought,10.76
2021-12-14,D3,D3 Extreme drought,11.02
2021-12-21,D3,D3 Extreme drought,11.61
2021-12-28,D3,D3 Extreme drought,10.11
2022-01-04,D3,D3 Extreme drought,9.03
2022-01-11,D3,D3 Extreme drought,8.57
2022-01-18,D3,D3 Extreme drought,8.43
2022-01-25,D3,D3 Extreme drought,9.1
2022-02-01,D3,D3 Extreme drought,9.09
2022-02-08,D3,D3 Extreme drought,8.34
2022-02-15,D3,D3 Extreme drought,8.86
2022-02-22,D3,D3 Extreme drought,9.14
2022-03-01,D3,D3 Extreme drought,10.14
2022-03-08,D3,D3 Extreme drought,10.79
2022-03-15,D3,D3 Extreme drought,12.5
2022-03-22,D3,D3 Extreme drought,12.35
2022-03-29,D3,D3 Extreme drought,12.78
2022-04-05,D3,D3 Extreme drought,12.85
2022-04-12,D3,D3 Extreme drought,14.03
2022-04-19,D3,D3 Extreme drought,14.55
2022-04-26,D3,D3 Extreme drought,13.52
2022-05-03,D3,D3 Extreme drought,12
2022-05-10,D3,D3 Extreme drought,13.12
2022-05-17,D3,D3 Extreme drought,13.25
2022-05-24,D3,D3 Extreme drought,12.52
2022-05-31,D3,D3 Extreme drought,12.22
2022-06-07,D3,D3 Extreme drought,11.86
2022-06-14,D3,D3 Extreme drought,11.74
2022-06-21,D3,D3 Extreme drought,11.3
2022-06-28,D3,D3 Extreme drought,11.45
2022-07-05,D3,D3 Extreme drought,11.52
2022-07-12,D3,D3 Extreme drought,10.48
2022-07-19,D3,D3 Extreme drought,11.31
2022-07-26,D3,D3 Extreme drought,12.68
2022-08-02,D3,D3 Extreme drought,12.11
2022-08-09,D3,D3 Extreme drought,11.96
2022-08-16,D3,D3 Extreme drought,11.21
2022-08-23,D3,D3 Extreme drought,10.14
2022-08-30,D3,D3 Extreme drought,9.23
2022-09-06,D3,D3 Extreme drought,8.1
2022-09-13,D3,D3 Extreme drought,7.87
2022-09-20,D3,D3 Extreme drought,7.9
2022-09-27,D3,D3 Extreme drought,8.31
2022-10-04,D3,D3 Extreme drought,9.21
2022-10-11,D3,D3 Extreme drought,9.64
2022-10-18,D3,D3 Extreme drought,9.72
2022-10-25,D3,D3 Extreme drought,9.83
2022-11-01,D3,D3 Extreme drought,9.59
2022-11-08,D3,D3 Extreme drought,9.32
2022-11-15,D3,D3 Extreme drought,9.28
2022-11-22,D3,D3 Extreme drought,9.27
2022-11-29,D3,D3 Extreme drought,8.54
2022-12-06,D3,D3 Extreme drought,8.01
2022-12-13,D3,D3 Extreme drought,7.46
2022-12-20,D3,D3 Extreme drought,7.03
2022-12-27,D3,D3 Extreme drought,7.03
2023-01-03,D3,D3 Extreme drought,6.69
2023-01-10,D3,D3 Extreme drought,5.52
2023-01-17,D3,D3 Extreme drought,5.11
2023-01-24,D3,D3 Extreme drought,4.77
2023-01-31,D3,D3 Extreme drought,4.75
2023-02-07,D3,D3 Extreme drought,3.81
2023-02-14,D3,D3 Extreme drought,3.27
2023-02-21,D3,D3 Extreme drought,3.2
2023-02-28,D3,D3 Extreme drought,3.43
2023-03-07,D3,D3 Extreme drought,3.16
2023-03-14,D3,D3 Extreme drought,3.14
2023-03-21,D3,D3 Extreme drought,2.7
2023-03-28,D3,D3 Extreme drought,2.87
2023-04-04,D3,D3 Extreme drought,2.94
2023-04-11,D3,D3 Extreme drought,2.62
2023-04-18,D3,D3 Extreme drought,2.76
2023-04-25,D3,D3 Extreme drought,3.11
2023-05-02,D3,D3 Extreme drought,3.62
2023-05-09,D3,D3 Extreme drought,3.43
2023-05-16,D3,D3 Extreme drought,2.39
2023-05-23,D3,D3 Extreme drought,2
2023-05-30,D3,D3 Extreme drought,1.7
2023-06-06,D3,D3 Extreme drought,1.3
2023-06-13,D3,D3 Extreme drought,1.22
2023-06-20,D3,D3 Extreme drought,1.59
2023-06-27,D3,D3 Extreme drought,1.67
2023-07-04,D3,D3 Extreme drought,1.84
2023-07-11,D3,D3 Extreme drought,1.83
2023-07-18,D3,D3 Extreme drought,1.94
2023-07-25,D3,D3 Extreme drought,1.97
2023-08-01,D3,D3 Extreme drought,1.89
2023-08-08,D3,D3 Extreme drought,2.11
2023-08-15,D3,D3 Extreme drought,2.41
2023-08-22,D3,D3 Extreme drought,3.82
2023-08-29,D3,D3 Extreme drought,4.95
2023-09-05,D3,D3 Extreme drought,5.87
2023-09-12,D3,D3 Extreme drought,6.02
2023-09-19,D3,D3 Extreme drought,6.92
2023-09-26,D3,D3 Extreme drought,6.13
2023-10-03,D3,D3 Extreme drought,5.9
2023-10-10,D3,D3 Extreme drought,5.42
2023-10-17,D3,D3 Extreme drought,5.18
2023-10-24,D3,D3 Extreme drought,5.4
2023-10-31,D3,D3 Extreme drought,4.8
2023-11-07,D3,D3 Extreme drought,5.06
2023-11-14,D3,D3 Extreme drought,5.21
2023-11-21,D3,D3 Extreme drought,5.21
2023-11-28,D3,D3 Extreme drought,4.76
2023-12-05,D3,D3 Extreme drought,5.18
2023-12-12,D3,D3 Extreme drought,4.38
2023-12-19,D3,D3 Extreme drought,4.55
2023-12-26,D3,D3 Extreme drought,4.41
2000-01-04,D4,D4 Exceptional drought,0
2000-01-11,D4,D4 Exceptional drought,0
2000-01-18,D4,D4 Exceptional drought,0
2000-01-25,D4,D4 Exceptional drought,0
2000-02-01,D4,D4 Exceptional drought,0
2000-02-08,D4,D4 Exceptional drought,0
2000-02-15,D4,D4 Exceptional drought,0
2000-02-22,D4,D4 Exceptional drought,0
2000-02-29,D4,D4 Exceptional drought,0
2000-03-07,D4,D4 Exceptional drought,0
2000-03-14,D4,D4 Exceptional drought,0
2000-03-21,D4,D4 Exceptional drought,0
2000-03-28,D4,D4 Exceptional drought,0
2000-04-04,D4,D4 Exceptional drought,0
2000-04-11,D4,D4 Exceptional drought,0
2000-04-18,D4,D4 Exceptional drought,0
2000-04-25,D4,D4 Exceptional drought,0
2000-05-02,D4,D4 Exceptional drought,0
2000-05-09,D4,D4 Exceptional drought,0
2000-05-16,D4,D4 Exceptional drought,0
2000-05-23,D4,D4 Exceptional drought,0
2000-05-30,D4,D4 Exceptional drought,0.22
2000-06-06,D4,D4 Exceptional drought,0.25
2000-06-13,D4,D4 Exceptional drought,1.28
2000-06-20,D4,D4 Exceptional drought,1.37
2000-06-27,D4,D4 Exceptional drought,1.39
2000-07-04,D4,D4 Exceptional drought,1.05
2000-07-11,D4,D4 Exceptional drought,1.38
2000-07-18,D4,D4 Exceptional drought,1.77
2000-07-25,D4,D4 Exceptional drought,2.16
2000-08-01,D4,D4 Exceptional drought,2.01
2000-08-08,D4,D4 Exceptional drought,1.78
2000-08-15,D4,D4 Exceptional drought,1.66
2000-08-22,D4,D4 Exceptional drought,2
2000-08-29,D4,D4 Exceptional drought,2.06
2000-09-05,D4,D4 Exceptional drought,2.18
2000-09-12,D4,D4 Exceptional drought,1.43
2000-09-19,D4,D4 Exceptional drought,1.37
2000-09-26,D4,D4 Exceptional drought,0.62
2000-10-03,D4,D4 Exceptional drought,0.62
2000-10-10,D4,D4 Exceptional drought,0.39
2000-10-17,D4,D4 Exceptional drought,0.87
2000-10-24,D4,D4 Exceptional drought,1.41
2000-10-31,D4,D4 Exceptional drought,2.2
2000-11-07,D4,D4 Exceptional drought,0.83
2000-11-14,D4,D4 Exceptional drought,0.6
2000-11-21,D4,D4 Exceptional drought,0
2000-11-28,D4,D4 Exceptional drought,0
2000-12-05,D4,D4 Exceptional drought,0.11
2000-12-12,D4,D4 Exceptional drought,0.21
2000-12-19,D4,D4 Exceptional drought,0.25
2000-12-26,D4,D4 Exceptional drought,0.3
2001-01-02,D4,D4 Exceptional drought,0.28
2001-01-09,D4,D4 Exceptional drought,0.28
2001-01-16,D4,D4 Exceptional drought,0.28
2001-01-23,D4,D4 Exceptional drought,0.29
2001-01-30,D4,D4 Exceptional drought,0.29
2001-02-06,D4,D4 Exceptional drought,0.28
2001-02-13,D4,D4 Exceptional drought,0.51
2001-02-20,D4,D4 Exceptional drought,0.53
2001-02-27,D4,D4 Exceptional drought,0.61
2001-03-06,D4,D4 Exceptional drought,0.59
2001-03-13,D4,D4 Exceptional drought,0.59
2001-03-20,D4,D4 Exceptional drought,0.57
2001-03-27,D4,D4 Exceptional drought,0.54
2001-04-03,D4,D4 Exceptional drought,0.15
2001-04-10,D4,D4 Exceptional drought,0.17
2001-04-17,D4,D4 Exceptional drought,0.22
2001-04-24,D4,D4 Exceptional drought,0.22
2001-05-01,D4,D4 Exceptional drought,0.22
2001-05-08,D4,D4 Exceptional drought,0.22
2001-05-15,D4,D4 Exceptional drought,0.38
2001-05-22,D4,D4 Exceptional drought,0.41
2001-05-29,D4,D4 Exceptional drought,0.41
2001-06-05,D4,D4 Exceptional drought,0.33
2001-06-12,D4,D4 Exceptional drought,0.08
2001-06-19,D4,D4 Exceptional drought,0
2001-06-26,D4,D4 Exceptional drought,0
2001-07-03,D4,D4 Exceptional drought,0
2001-07-10,D4,D4 Exceptional drought,0
2001-07-17,D4,D4 Exceptional drought,0
2001-07-24,D4,D4 Exceptional drought,0
2001-07-31,D4,D4 Exceptional drought,0
2001-08-07,D4,D4 Exceptional drought,0
2001-08-14,D4,D4 Exceptional drought,0
2001-08-21,D4,D4 Exceptional drought,0
2001-08-28,D4,D4 Exceptional drought,0
2001-09-04,D4,D4 Exceptional drought,0
2001-09-11,D4,D4 Exceptional drought,0
2001-09-18,D4,D4 Exceptional drought,0
2001-09-25,D4,D4 Exceptional drought,0
2001-10-02,D4,D4 Exceptional drought,0
2001-10-09,D4,D4 Exceptional drought,0
2001-10-16,D4,D4 Exceptional drought,0
2001-10-23,D4,D4 Exceptional drought,0
2001-10-30,D4,D4 Exceptional drought,0
2001-11-06,D4,D4 Exceptional drought,0
2001-11-13,D4,D4 Exceptional drought,0
2001-11-20,D4,D4 Exceptional drought,0
2001-11-27,D4,D4 Exceptional drought,0
2001-12-04,D4,D4 Exceptional drought,0
2001-12-11,D4,D4 Exceptional drought,0
2001-12-18,D4,D4 Exceptional drought,0
2001-12-25,D4,D4 Exceptional drought,0
2002-01-01,D4,D4 Exceptional drought,0
2002-01-08,D4,D4 Exceptional drought,0
2002-01-15,D4,D4 Exceptional drought,0
2002-01-22,D4,D4 Exceptional drought,0
2002-01-29,D4,D4 Exceptional drought,0
2002-02-05,D4,D4 Exceptional drought,0
2002-02-12,D4,D4 Exceptional drought,0
2002-02-19,D4,D4 Exceptional drought,0
2002-02-26,D4,D4 Exceptional drought,0
2002-03-05,D4,D4 Exceptional drought,0
2002-03-12,D4,D4 Exceptional drought,0
2002-03-19,D4,D4 Exceptional drought,0
2002-03-26,D4,D4 Exceptional drought,0
2002-04-02,D4,D4 Exceptional drought,0
2002-04-09,D4,D4 Exceptional drought,0
2002-04-16,D4,D4 Exceptional drought,0
2002-04-23,D4,D4 Exceptional drought,0
2002-04-30,D4,D4 Exceptional drought,0.23
2002-05-07,D4,D4 Exceptional drought,0.51
2002-05-14,D4,D4 Exceptional drought,0.54
2002-05-21,D4,D4 Exceptional drought,0.51
2002-05-28,D4,D4 Exceptional drought,2.28
2002-06-04,D4,D4 Exceptional drought,2.26
2002-06-11,D4,D4 Exceptional drought,1.73
2002-06-18,D4,D4 Exceptional drought,2.07
2002-06-25,D4,D4 Exceptional drought,2.93
2002-07-02,D4,D4 Exceptional drought,4.42
2002-07-09,D4,D4 Exceptional drought,4.6
2002-07-16,D4,D4 Exceptional drought,4.61
2002-07-23,D4,D4 Exceptional drought,5
2002-07-30,D4,D4 Exceptional drought,5.1
2002-08-06,D4,D4 Exceptional drought,5.83
2002-08-13,D4,D4 Exceptional drought,6.22
2002-08-20,D4,D4 Exceptional drought,6.56
2002-08-27,D4,D4 Exceptional drought,6.19
2002-09-03,D4,D4 Exceptional drought,5.2
2002-09-10,D4,D4 Exceptional drought,4.18
2002-09-17,D4,D4 Exceptional drought,3.24
2002-09-24,D4,D4 Exceptional drought,2.75
2002-10-01,D4,D4 Exceptional drought,2.62
2002-10-08,D4,D4 Exceptional drought,1.75
2002-10-15,D4,D4 Exceptional drought,1.12
2002-10-22,D4,D4 Exceptional drought,1.12
2002-10-29,D4,D4 Exceptional drought,1.13
2002-11-05,D4,D4 Exceptional drought,1.11
2002-11-12,D4,D4 Exceptional drought,0.93
2002-11-19,D4,D4 Exceptional drought,0.96
2002-11-26,D4,D4 Exceptional drought,0.93
2002-12-03,D4,D4 Exceptional drought,0.91
2002-12-10,D4,D4 Exceptional drought,1.05
2002-12-17,D4,D4 Exceptional drought,1.07
2002-12-24,D4,D4 Exceptional drought,1.07
2002-12-31,D4,D4 Exceptional drought,1.07
2003-01-07,D4,D4 Exceptional drought,1.41
2003-01-14,D4,D4 Exceptional drought,2.15
2003-01-21,D4,D4 Exceptional drought,1.97
2003-01-28,D4,D4 Exceptional drought,2.09
2003-02-04,D4,D4 Exceptional drought,1.88
2003-02-11,D4,D4 Exceptional drought,1.93
2003-02-18,D4,D4 Exceptional drought,1.74
2003-02-25,D4,D4 Exceptional drought,1.74
2003-03-04,D4,D4 Exceptional drought,1.67
2003-03-11,D4,D4 Exceptional drought,1.41
2003-03-18,D4,D4 Exceptional drought,1.41
2003-03-25,D4,D4 Exceptional drought,1.02
2003-04-01,D4,D4 Exceptional drought,0.49
2003-04-08,D4,D4 Exceptional drought,0.22
2003-04-15,D4,D4 Exceptional drought,0.19
2003-04-22,D4,D4 Exceptional drought,0.22
2003-04-29,D4,D4 Exceptional drought,0.22
2003-05-06,D4,D4 Exceptional drought,0.22
2003-05-13,D4,D4 Exceptional drought,0.52
2003-05-20,D4,D4 Exceptional drought,0.5
2003-05-27,D4,D4 Exceptional drought,0.5
2003-06-03,D4,D4 Exceptional drought,0.51
2003-06-10,D4,D4 Exceptional drought,0.85
2003-06-17,D4,D4 Exceptional drought,0.84
2003-06-24,D4,D4 Exceptional drought,0.74
2003-07-01,D4,D4 Exceptional drought,0.63
2003-07-08,D4,D4 Exceptional drought,0.68
2003-07-15,D4,D4 Exceptional drought,0.68
2003-07-22,D4,D4 Exceptional drought,1.39
2003-07-29,D4,D4 Exceptional drought,1.8
2003-08-05,D4,D4 Exceptional drought,1.65
2003-08-12,D4,D4 Exceptional drought,1.63
2003-08-19,D4,D4 Exceptional drought,1.77
2003-08-26,D4,D4 Exceptional drought,1.84
2003-09-02,D4,D4 Exceptional drought,1.61
2003-09-09,D4,D4 Exceptional drought,1.85
2003-09-16,D4,D4 Exceptional drought,1.83
2003-09-23,D4,D4 Exceptional drought,1.73
2003-09-30,D4,D4 Exceptional drought,1.75
2003-10-07,D4,D4 Exceptional drought,1.73
2003-10-14,D4,D4 Exceptional drought,1.71
2003-10-21,D4,D4 Exceptional drought,1.7
2003-10-28,D4,D4 Exceptional drought,2.12
2003-11-04,D4,D4 Exceptional drought,2.18
2003-11-11,D4,D4 Exceptional drought,2.79
2003-11-18,D4,D4 Exceptional drought,2.65
2003-11-25,D4,D4 Exceptional drought,2.75
2003-12-02,D4,D4 Exceptional drought,2.8
2003-12-09,D4,D4 Exceptional drought,2.76
2003-12-16,D4,D4 Exceptional drought,2.82
2003-12-23,D4,D4 Exceptional drought,3.11
2003-12-30,D4,D4 Exceptional drought,2.84
2004-01-06,D4,D4 Exceptional drought,3.1
2004-01-13,D4,D4 Exceptional drought,2.64
2004-01-20,D4,D4 Exceptional drought,2.41
2004-01-27,D4,D4 Exceptional drought,2.52
2004-02-03,D4,D4 Exceptional drought,2.48
2004-02-10,D4,D4 Exceptional drought,2.36
2004-02-17,D4,D4 Exceptional drought,2.36
2004-02-24,D4,D4 Exceptional drought,2.36
2004-03-02,D4,D4 Exceptional drought,1.74
2004-03-09,D4,D4 Exceptional drought,1.61
2004-03-16,D4,D4 Exceptional drought,1.61
2004-03-23,D4,D4 Exceptional drought,1.61
2004-03-30,D4,D4 Exceptional drought,1.61
2004-04-06,D4,D4 Exceptional drought,0.54
2004-04-13,D4,D4 Exceptional drought,0.68
2004-04-20,D4,D4 Exceptional drought,0.7
2004-04-27,D4,D4 Exceptional drought,0.7
2004-05-04,D4,D4 Exceptional drought,0.9
2004-05-11,D4,D4 Exceptional drought,0.91
2004-05-18,D4,D4 Exceptional drought,0.93
2004-05-25,D4,D4 Exceptional drought,0.67
2004-06-01,D4,D4 Exceptional drought,0.67
2004-06-08,D4,D4 Exceptional drought,0.49
2004-06-15,D4,D4 Exceptional drought,1.07
2004-06-22,D4,D4 Exceptional drought,1.02
2004-06-29,D4,D4 Exceptional drought,1.02
2004-07-06,D4,D4 Exceptional drought,1
2004-07-13,D4,D4 Exceptional drought,1
2004-07-20,D4,D4 Exceptional drought,1.19
2004-07-27,D4,D4 Exceptional drought,1.15
2004-08-03,D4,D4 Exceptional drought,1.15
2004-08-10,D4,D4 Exceptional drought,1.05
2004-08-17,D4,D4 Exceptional drought,1.05
2004-08-24,D4,D4 Exceptional drought,1.03
2004-08-31,D4,D4 Exceptional drought,1.01
2004-09-07,D4,D4 Exceptional drought,0.99
2004-09-14,D4,D4 Exceptional drought,0.81
2004-09-21,D4,D4 Exceptional drought,0.78
2004-09-28,D4,D4 Exceptional drought,0.78
2004-10-05,D4,D4 Exceptional drought,0.78
2004-10-12,D4,D4 Exceptional drought,0.83
2004-10-19,D4,D4 Exceptional drought,0.81
2004-10-26,D4,D4 Exceptional drought,0.78
2004-11-02,D4,D4 Exceptional drought,0.78
2004-11-09,D4,D4 Exceptional drought,0.78
2004-11-16,D4,D4 Exceptional drought,0.78
2004-11-23,D4,D4 Exceptional drought,0.78
2004-11-30,D4,D4 Exceptional drought,0.78
2004-12-07,D4,D4 Exceptional drought,0.78
2004-12-14,D4,D4 Exceptional drought,0.75
2004-12-21,D4,D4 Exceptional drought,0.77
2004-12-28,D4,D4 Exceptional drought,0.77
2005-01-04,D4,D4 Exceptional drought,0.64
2005-01-11,D4,D4 Exceptional drought,0.63
2005-01-18,D4,D4 Exceptional drought,0.6
2005-01-25,D4,D4 Exceptional drought,0.6
2005-02-01,D4,D4 Exceptional drought,0.6
2005-02-08,D4,D4 Exceptional drought,0.87
2005-02-15,D4,D4 Exceptional drought,0.87
2005-02-22,D4,D4 Exceptional drought,0.87
2005-03-01,D4,D4 Exceptional drought,1.1
2005-03-08,D4,D4 Exceptional drought,1.11
2005-03-15,D4,D4 Exceptional drought,1.31
2005-03-22,D4,D4 Exceptional drought,1.31
2005-03-29,D4,D4 Exceptional drought,1.26
2005-04-05,D4,D4 Exceptional drought,1.21
2005-04-12,D4,D4 Exceptional drought,1.24
2005-04-19,D4,D4 Exceptional drought,1.28
2005-04-26,D4,D4 Exceptional drought,0.71
2005-05-03,D4,D4 Exceptional drought,0.56
2005-05-10,D4,D4 Exceptional drought,0
2005-05-17,D4,D4 Exceptional drought,0
2005-05-24,D4,D4 Exceptional drought,0
2005-05-31,D4,D4 Exceptional drought,0
2005-06-07,D4,D4 Exceptional drought,0
2005-06-14,D4,D4 Exceptional drought,0
2005-06-21,D4,D4 Exceptional drought,0
2005-06-28,D4,D4 Exceptional drought,0
2005-07-05,D4,D4 Exceptional drought,0
2005-07-12,D4,D4 Exceptional drought,0
2005-07-19,D4,D4 Exceptional drought,0
2005-07-26,D4,D4 Exceptional drought,0
2005-08-02,D4,D4 Exceptional drought,0
2005-08-09,D4,D4 Exceptional drought,0
2005-08-16,D4,D4 Exceptional drought,0
2005-08-23,D4,D4 Exceptional drought,0
2005-08-30,D4,D4 Exceptional drought,0
2005-09-06,D4,D4 Exceptional drought,0
2005-09-13,D4,D4 Exceptional drought,0
2005-09-20,D4,D4 Exceptional drought,0
2005-09-27,D4,D4 Exceptional drought,0
2005-10-04,D4,D4 Exceptional drought,0
2005-10-11,D4,D4 Exceptional drought,0
2005-10-18,D4,D4 Exceptional drought,0
2005-10-25,D4,D4 Exceptional drought,0
2005-11-01,D4,D4 Exceptional drought,0
2005-11-08,D4,D4 Exceptional drought,0
2005-11-15,D4,D4 Exceptional drought,0
2005-11-22,D4,D4 Exceptional drought,0
2005-11-29,D4,D4 Exceptional drought,0
2005-12-06,D4,D4 Exceptional drought,0
2005-12-13,D4,D4 Exceptional drought,0
2005-12-20,D4,D4 Exceptional drought,0.45
2005-12-27,D4,D4 Exceptional drought,0.45
2006-01-03,D4,D4 Exceptional drought,0.51
2006-01-10,D4,D4 Exceptional drought,0.55
2006-01-17,D4,D4 Exceptional drought,0.64
2006-01-24,D4,D4 Exceptional drought,0.73
2006-01-31,D4,D4 Exceptional drought,0.45
2006-02-07,D4,D4 Exceptional drought,0.51
2006-02-14,D4,D4 Exceptional drought,0.48
2006-02-21,D4,D4 Exceptional drought,0.53
2006-02-28,D4,D4 Exceptional drought,1.02
2006-03-07,D4,D4 Exceptional drought,1.02
2006-03-14,D4,D4 Exceptional drought,1.14
2006-03-21,D4,D4 Exceptional drought,0.94
2006-03-28,D4,D4 Exceptional drought,0.94
2006-04-04,D4,D4 Exceptional drought,0.94
2006-04-11,D4,D4 Exceptional drought,0.94
2006-04-18,D4,D4 Exceptional drought,1.06
2006-04-25,D4,D4 Exceptional drought,1.03
2006-05-02,D4,D4 Exceptional drought,1.52
2006-05-09,D4,D4 Exceptional drought,1.42
2006-05-16,D4,D4 Exceptional drought,1.13
2006-05-23,D4,D4 Exceptional drought,1.13
2006-05-30,D4,D4 Exceptional drought,1.08
2006-06-06,D4,D4 Exceptional drought,0.99
2006-06-13,D4,D4 Exceptional drought,0.98
2006-06-20,D4,D4 Exceptional drought,0.98
2006-06-27,D4,D4 Exceptional drought,1.05
2006-07-04,D4,D4 Exceptional drought,0.79
2006-07-11,D4,D4 Exceptional drought,0.52
2006-07-18,D4,D4 Exceptional drought,0.84
2006-07-25,D4,D4 Exceptional drought,1.04
2006-08-01,D4,D4 Exceptional drought,1.05
2006-08-08,D4,D4 Exceptional drought,1.59
2006-08-15,D4,D4 Exceptional drought,1.68
2006-08-22,D4,D4 Exceptional drought,1.67
2006-08-29,D4,D4 Exceptional drought,1.45
2006-09-05,D4,D4 Exceptional drought,0.87
2006-09-12,D4,D4 Exceptional drought,1.21
2006-09-19,D4,D4 Exceptional drought,0.25
2006-09-26,D4,D4 Exceptional drought,0.12
2006-10-03,D4,D4 Exceptional drought,0.12
2006-10-10,D4,D4 Exceptional drought,0.2
2006-10-17,D4,D4 Exceptional drought,0.24
2006-10-24,D4,D4 Exceptional drought,0
2006-10-31,D4,D4 Exceptional drought,0
2006-11-07,D4,D4 Exceptional drought,0
2006-11-14,D4,D4 Exceptional drought,0
2006-11-21,D4,D4 Exceptional drought,0.14
2006-11-28,D4,D4 Exceptional drought,0.22
2006-12-05,D4,D4 Exceptional drought,0.15
2006-12-12,D4,D4 Exceptional drought,0.51
2006-12-19,D4,D4 Exceptional drought,0.51
2006-12-26,D4,D4 Exceptional drought,0.4
2007-01-02,D4,D4 Exceptional drought,0.28
2007-01-09,D4,D4 Exceptional drought,0.28
2007-01-16,D4,D4 Exceptional drought,0.26
2007-01-23,D4,D4 Exceptional drought,0.18
2007-01-30,D4,D4 Exceptional drought,0.18
2007-02-06,D4,D4 Exceptional drought,0.18
2007-02-13,D4,D4 Exceptional drought,0.19
2007-02-20,D4,D4 Exceptional drought,0.15
2007-02-27,D4,D4 Exceptional drought,0.15
2007-03-06,D4,D4 Exceptional drought,0.15
2007-03-13,D4,D4 Exceptional drought,0.15
2007-03-20,D4,D4 Exceptional drought,0.15
2007-03-27,D4,D4 Exceptional drought,0
2007-04-03,D4,D4 Exceptional drought,0
2007-04-10,D4,D4 Exceptional drought,0
2007-04-17,D4,D4 Exceptional drought,0
2007-04-24,D4,D4 Exceptional drought,0
2007-05-01,D4,D4 Exceptional drought,0
2007-05-08,D4,D4 Exceptional drought,0
2007-05-15,D4,D4 Exceptional drought,0
2007-05-22,D4,D4 Exceptional drought,0
2007-05-29,D4,D4 Exceptional drought,0
2007-06-05,D4,D4 Exceptional drought,0.31
2007-06-12,D4,D4 Exceptional drought,0.74
2007-06-19,D4,D4 Exceptional drought,1
2007-06-26,D4,D4 Exceptional drought,0.77
2007-07-03,D4,D4 Exceptional drought,0.64
2007-07-10,D4,D4 Exceptional drought,0.43
2007-07-17,D4,D4 Exceptional drought,0.43
2007-07-24,D4,D4 Exceptional drought,0.33
2007-07-31,D4,D4 Exceptional drought,0.55
2007-08-07,D4,D4 Exceptional drought,1.28
2007-08-14,D4,D4 Exceptional drought,1.95
2007-08-21,D4,D4 Exceptional drought,2.39
2007-08-28,D4,D4 Exceptional drought,2.32
2007-09-04,D4,D4 Exceptional drought,2
2007-09-11,D4,D4 Exceptional drought,2.36
2007-09-18,D4,D4 Exceptional drought,1.93
2007-09-25,D4,D4 Exceptional drought,1.9
2007-10-02,D4,D4 Exceptional drought,2.8
2007-10-09,D4,D4 Exceptional drought,2.95
2007-10-16,D4,D4 Exceptional drought,3.61
2007-10-23,D4,D4 Exceptional drought,3.32
2007-10-30,D4,D4 Exceptional drought,1.84
2007-11-06,D4,D4 Exceptional drought,2.06
2007-11-13,D4,D4 Exceptional drought,2.27
2007-11-20,D4,D4 Exceptional drought,2.45
2007-11-27,D4,D4 Exceptional drought,2.41
2007-12-04,D4,D4 Exceptional drought,2.71
2007-12-11,D4,D4 Exceptional drought,3.13
2007-12-18,D4,D4 Exceptional drought,3.13
2007-12-25,D4,D4 Exceptional drought,3.13
2008-01-01,D4,D4 Exceptional drought,1.99
2008-01-08,D4,D4 Exceptional drought,2.09
2008-01-15,D4,D4 Exceptional drought,1.82
2008-01-22,D4,D4 Exceptional drought,1.82
2008-01-29,D4,D4 Exceptional drought,1.91
2008-02-05,D4,D4 Exceptional drought,1.8
2008-02-12,D4,D4 Exceptional drought,1.8
2008-02-19,D4,D4 Exceptional drought,1.72
2008-02-26,D4,D4 Exceptional drought,0.91
2008-03-04,D4,D4 Exceptional drought,0.75
2008-03-11,D4,D4 Exceptional drought,0.32
2008-03-18,D4,D4 Exceptional drought,0.09
2008-03-25,D4,D4 Exceptional drought,0
2008-04-01,D4,D4 Exceptional drought,0
2008-04-08,D4,D4 Exceptional drought,0
2008-04-15,D4,D4 Exceptional drought,0.24
2008-04-22,D4,D4 Exceptional drought,0.24
2008-04-29,D4,D4 Exceptional drought,0.24
2008-05-06,D4,D4 Exceptional drought,0
2008-05-13,D4,D4 Exceptional drought,0
2008-05-20,D4,D4 Exceptional drought,0
2008-05-27,D4,D4 Exceptional drought,0
2008-06-03,D4,D4 Exceptional drought,0
2008-06-10,D4,D4 Exceptional drought,0
2008-06-17,D4,D4 Exceptional drought,0.26
2008-06-24,D4,D4 Exceptional drought,0.35
2008-07-01,D4,D4 Exceptional drought,0.66
2008-07-08,D4,D4 Exceptional drought,0.74
2008-07-15,D4,D4 Exceptional drought,0.7
2008-07-22,D4,D4 Exceptional drought,1.02
2008-07-29,D4,D4 Exceptional drought,0.81
2008-08-05,D4,D4 Exceptional drought,0.81
2008-08-12,D4,D4 Exceptional drought,0.8
2008-08-19,D4,D4 Exceptional drought,0.64
2008-08-26,D4,D4 Exceptional drought,0.12
2008-09-02,D4,D4 Exceptional drought,0.12
2008-09-09,D4,D4 Exceptional drought,0.12
2008-09-16,D4,D4 Exceptional drought,0.12
2008-09-23,D4,D4 Exceptional drought,0.15
2008-09-30,D4,D4 Exceptional drought,0.15
2008-10-07,D4,D4 Exceptional drought,0.15
2008-10-14,D4,D4 Exceptional drought,0.1
2008-10-21,D4,D4 Exceptional drought,0.1
2008-10-28,D4,D4 Exceptional drought,0.1
2008-11-04,D4,D4 Exceptional drought,0.16
2008-11-11,D4,D4 Exceptional drought,0.37
2008-11-18,D4,D4 Exceptional drought,0.37
2008-11-25,D4,D4 Exceptional drought,0.43
2008-12-02,D4,D4 Exceptional drought,0.52
2008-12-09,D4,D4 Exceptional drought,0.64
2008-12-16,D4,D4 Exceptional drought,0.31
2008-12-23,D4,D4 Exceptional drought,0.31
2008-12-30,D4,D4 Exceptional drought,0.31
2009-01-06,D4,D4 Exceptional drought,0.31
2009-01-13,D4,D4 Exceptional drought,0.31
2009-01-20,D4,D4 Exceptional drought,0.31
2009-01-27,D4,D4 Exceptional drought,0.31
2009-02-03,D4,D4 Exceptional drought,0.49
2009-02-10,D4,D4 Exceptional drought,0.56
2009-02-17,D4,D4 Exceptional drought,0.63
2009-02-24,D4,D4 Exceptional drought,0.63
2009-03-03,D4,D4 Exceptional drought,0.71
2009-03-10,D4,D4 Exceptional drought,0.71
2009-03-17,D4,D4 Exceptional drought,0.52
2009-03-24,D4,D4 Exceptional drought,0.52
2009-03-31,D4,D4 Exceptional drought,0.52
2009-04-07,D4,D4 Exceptional drought,0.52
2009-04-14,D4,D4 Exceptional drought,0.85
2009-04-21,D4,D4 Exceptional drought,0.83
2009-04-28,D4,D4 Exceptional drought,0.72
2009-05-05,D4,D4 Exceptional drought,0.72
2009-05-12,D4,D4 Exceptional drought,1.1
2009-05-19,D4,D4 Exceptional drought,0.63
2009-05-26,D4,D4 Exceptional drought,0.5
2009-06-02,D4,D4 Exceptional drought,0.48
2009-06-09,D4,D4 Exceptional drought,0.56
2009-06-16,D4,D4 Exceptional drought,0.56
2009-06-23,D4,D4 Exceptional drought,0.61
2009-06-30,D4,D4 Exceptional drought,0.82
2009-07-07,D4,D4 Exceptional drought,1.04
2009-07-14,D4,D4 Exceptional drought,1.32
2009-07-21,D4,D4 Exceptional drought,1.21
2009-07-28,D4,D4 Exceptional drought,1.38
2009-08-04,D4,D4 Exceptional drought,1.24
2009-08-11,D4,D4 Exceptional drought,1.24
2009-08-18,D4,D4 Exceptional drought,1.33
2009-08-25,D4,D4 Exceptional drought,1.39
2009-09-01,D4,D4 Exceptional drought,1.28
2009-09-08,D4,D4 Exceptional drought,1.18
2009-09-15,D4,D4 Exceptional drought,0.25
2009-09-22,D4,D4 Exceptional drought,0.28
2009-09-29,D4,D4 Exceptional drought,0.23
2009-10-06,D4,D4 Exceptional drought,0.11
2009-10-13,D4,D4 Exceptional drought,0.11
2009-10-20,D4,D4 Exceptional drought,0.11
2009-10-27,D4,D4 Exceptional drought,0.07
2009-11-03,D4,D4 Exceptional drought,0.07
2009-11-10,D4,D4 Exceptional drought,0.07
2009-11-17,D4,D4 Exceptional drought,0.07
2009-11-24,D4,D4 Exceptional drought,0.05
2009-12-01,D4,D4 Exceptional drought,0
2009-12-08,D4,D4 Exceptional drought,0
2009-12-15,D4,D4 Exceptional drought,0
2009-12-22,D4,D4 Exceptional drought,0
2009-12-29,D4,D4 Exceptional drought,0
2010-01-05,D4,D4 Exceptional drought,0
2010-01-12,D4,D4 Exceptional drought,0
2010-01-19,D4,D4 Exceptional drought,0
2010-01-26,D4,D4 Exceptional drought,0
2010-02-02,D4,D4 Exceptional drought,0
2010-02-09,D4,D4 Exceptional drought,0
2010-02-16,D4,D4 Exceptional drought,0
2010-02-23,D4,D4 Exceptional drought,0
2010-03-02,D4,D4 Exceptional drought,0.01
2010-03-09,D4,D4 Exceptional drought,0.01
2010-03-16,D4,D4 Exceptional drought,0.01
2010-03-23,D4,D4 Exceptional drought,0.01
2010-03-30,D4,D4 Exceptional drought,0.01
2010-04-06,D4,D4 Exceptional drought,0.01
2010-04-13,D4,D4 Exceptional drought,0.01
2010-04-20,D4,D4 Exceptional drought,0.01
2010-04-27,D4,D4 Exceptional drought,0.01
2010-05-04,D4,D4 Exceptional drought,0.01
2010-05-11,D4,D4 Exceptional drought,0.01
2010-05-18,D4,D4 Exceptional drought,0.01
2010-05-25,D4,D4 Exceptional drought,0.01
2010-06-01,D4,D4 Exceptional drought,0.01
2010-06-08,D4,D4 Exceptional drought,0.01
2010-06-15,D4,D4 Exceptional drought,0.01
2010-06-22,D4,D4 Exceptional drought,0.01
2010-06-29,D4,D4 Exceptional drought,0.01
2010-07-06,D4,D4 Exceptional drought,0.01
2010-07-13,D4,D4 Exceptional drought,0.01
2010-07-20,D4,D4 Exceptional drought,0.01
2010-07-27,D4,D4 Exceptional drought,0.01
2010-08-03,D4,D4 Exceptional drought,0.01
2010-08-10,D4,D4 Exceptional drought,0.01
2010-08-17,D4,D4 Exceptional drought,0.01
2010-08-24,D4,D4 Exceptional drought,0.01
2010-08-31,D4,D4 Exceptional drought,0.01
2010-09-07,D4,D4 Exceptional drought,0.01
2010-09-14,D4,D4 Exceptional drought,0.01
2010-09-21,D4,D4 Exceptional drought,0.01
2010-09-28,D4,D4 Exceptional drought,0.01
2010-10-05,D4,D4 Exceptional drought,0.01
2010-10-12,D4,D4 Exceptional drought,0.01
2010-10-19,D4,D4 Exceptional drought,0.01
2010-10-26,D4,D4 Exceptional drought,0.01
2010-11-02,D4,D4 Exceptional drought,0
2010-11-09,D4,D4 Exceptional drought,0
2010-11-16,D4,D4 Exceptional drought,0
2010-11-23,D4,D4 Exceptional drought,0
2010-11-30,D4,D4 Exceptional drought,0
2010-12-07,D4,D4 Exceptional drought,0
2010-12-14,D4,D4 Exceptional drought,0
2010-12-21,D4,D4 Exceptional drought,0
2010-12-28,D4,D4 Exceptional drought,0
2011-01-04,D4,D4 Exceptional drought,0
2011-01-11,D4,D4 Exceptional drought,0
2011-01-18,D4,D4 Exceptional drought,0
2011-01-25,D4,D4 Exceptional drought,0
2011-02-01,D4,D4 Exceptional drought,0
2011-02-08,D4,D4 Exceptional drought,0
2011-02-15,D4,D4 Exceptional drought,0
2011-02-22,D4,D4 Exceptional drought,0
2011-03-01,D4,D4 Exceptional drought,0
2011-03-08,D4,D4 Exceptional drought,0
2011-03-15,D4,D4 Exceptional drought,0
2011-03-22,D4,D4 Exceptional drought,0
2011-03-29,D4,D4 Exceptional drought,0
2011-04-05,D4,D4 Exceptional drought,0.35
2011-04-12,D4,D4 Exceptional drought,0.78
2011-04-19,D4,D4 Exceptional drought,1.19
2011-04-26,D4,D4 Exceptional drought,1.39
2011-05-03,D4,D4 Exceptional drought,2.61
2011-05-10,D4,D4 Exceptional drought,4.96
2011-05-17,D4,D4 Exceptional drought,5.04
2011-05-24,D4,D4 Exceptional drought,4.69
2011-05-31,D4,D4 Exceptional drought,5.23
2011-06-07,D4,D4 Exceptional drought,6.52
2011-06-14,D4,D4 Exceptional drought,7.54
2011-06-21,D4,D4 Exceptional drought,9.89
2011-06-28,D4,D4 Exceptional drought,9.97
2011-07-05,D4,D4 Exceptional drought,9.83
2011-07-12,D4,D4 Exceptional drought,9.99
2011-07-19,D4,D4 Exceptional drought,9.11
2011-07-26,D4,D4 Exceptional drought,9.23
2011-08-02,D4,D4 Exceptional drought,9.13
2011-08-09,D4,D4 Exceptional drought,9.58
2011-08-16,D4,D4 Exceptional drought,9.05
2011-08-23,D4,D4 Exceptional drought,9.31
2011-08-30,D4,D4 Exceptional drought,9.37
2011-09-06,D4,D4 Exceptional drought,9.36
2011-09-13,D4,D4 Exceptional drought,9.81
2011-09-20,D4,D4 Exceptional drought,9.48
2011-09-27,D4,D4 Exceptional drought,9.5
2011-10-04,D4,D4 Exceptional drought,9.77
2011-10-11,D4,D4 Exceptional drought,8.15
2011-10-18,D4,D4 Exceptional drought,8.28
2011-10-25,D4,D4 Exceptional drought,7.98
2011-11-01,D4,D4 Exceptional drought,7.4
2011-11-08,D4,D4 Exceptional drought,7.34
2011-11-15,D4,D4 Exceptional drought,7.27
2011-11-22,D4,D4 Exceptional drought,6.78
2011-11-29,D4,D4 Exceptional drought,5
2011-12-06,D4,D4 Exceptional drought,4.01
2011-12-13,D4,D4 Exceptional drought,3.83
2011-12-20,D4,D4 Exceptional drought,3.66
2011-12-27,D4,D4 Exceptional drought,2.76
2012-01-03,D4,D4 Exceptional drought,2.77
2012-01-10,D4,D4 Exceptional drought,2.2
2012-01-17,D4,D4 Exceptional drought,2.31
2012-01-24,D4,D4 Exceptional drought,2.29
2012-01-31,D4,D4 Exceptional drought,2.66
2012-02-07,D4,D4 Exceptional drought,2.63
2012-02-14,D4,D4 Exceptional drought,2.69
2012-02-21,D4,D4 Exceptional drought,2.03
2012-02-28,D4,D4 Exceptional drought,2.09
2012-03-06,D4,D4 Exceptional drought,2.04
2012-03-13,D4,D4 Exceptional drought,2.02
2012-03-20,D4,D4 Exceptional drought,1.84
2012-03-27,D4,D4 Exceptional drought,1.8
2012-04-03,D4,D4 Exceptional drought,1.61
2012-04-10,D4,D4 Exceptional drought,1.72
2012-04-17,D4,D4 Exceptional drought,1.58
2012-04-24,D4,D4 Exceptional drought,1.55
2012-05-01,D4,D4 Exceptional drought,1.61
2012-05-08,D4,D4 Exceptional drought,1.34
2012-05-15,D4,D4 Exceptional drought,0.85
2012-05-22,D4,D4 Exceptional drought,0.8
2012-05-29,D4,D4 Exceptional drought,0.55
2012-06-05,D4,D4 Exceptional drought,0.5
2012-06-12,D4,D4 Exceptional drought,0.24
2012-06-19,D4,D4 Exceptional drought,0.24
2012-06-26,D4,D4 Exceptional drought,0.34
2012-07-03,D4,D4 Exceptional drought,0.5
2012-07-10,D4,D4 Exceptional drought,0.62
2012-07-17,D4,D4 Exceptional drought,0.83
2012-07-24,D4,D4 Exceptional drought,1.99
2012-07-31,D4,D4 Exceptional drought,2.52
2012-08-07,D4,D4 Exceptional drought,3.51
2012-08-14,D4,D4 Exceptional drought,5.23
2012-08-21,D4,D4 Exceptional drought,5.27
2012-08-28,D4,D4 Exceptional drought,5.05
2012-09-04,D4,D4 Exceptional drought,5.13
2012-09-11,D4,D4 Exceptional drought,5.2
2012-09-18,D4,D4 Exceptional drought,4.98
2012-09-25,D4,D4 Exceptional drought,5.12
2012-10-02,D4,D4 Exceptional drought,5.07
2012-10-09,D4,D4 Exceptional drought,5.17
2012-10-16,D4,D4 Exceptional drought,4.88
2012-10-23,D4,D4 Exceptional drought,4.88
2012-10-30,D4,D4 Exceptional drought,4.92
2012-11-06,D4,D4 Exceptional drought,5.16
2012-11-13,D4,D4 Exceptional drought,5.02
2012-11-20,D4,D4 Exceptional drought,5.24
2012-11-27,D4,D4 Exceptional drought,5.34
2012-12-04,D4,D4 Exceptional drought,5.43
2012-12-11,D4,D4 Exceptional drought,5.43
2012-12-18,D4,D4 Exceptional drought,5.54
2012-12-25,D4,D4 Exceptional drought,5.62
2013-01-01,D4,D4 Exceptional drought,5.64
2013-01-08,D4,D4 Exceptional drought,5.6
2013-01-15,D4,D4 Exceptional drought,5.27
2013-01-22,D4,D4 Exceptional drought,5.31
2013-01-29,D4,D4 Exceptional drought,5.32
2013-02-05,D4,D4 Exceptional drought,5.72
2013-02-12,D4,D4 Exceptional drought,5.52
2013-02-19,D4,D4 Exceptional drought,5.57
2013-02-26,D4,D4 Exceptional drought,4.55
2013-03-05,D4,D4 Exceptional drought,4.55
2013-03-12,D4,D4 Exceptional drought,4.41
2013-03-19,D4,D4 Exceptional drought,4.51
2013-03-26,D4,D4 Exceptional drought,4.26
2013-04-02,D4,D4 Exceptional drought,4.35
2013-04-09,D4,D4 Exceptional drought,2.82
2013-04-16,D4,D4 Exceptional drought,2.15
2013-04-23,D4,D4 Exceptional drought,2.17
2013-04-30,D4,D4 Exceptional drought,2.84
2013-05-07,D4,D4 Exceptional drought,3.66
2013-05-14,D4,D4 Exceptional drought,3.68
2013-05-21,D4,D4 Exceptional drought,4.13
2013-05-28,D4,D4 Exceptional drought,3.96
2013-06-04,D4,D4 Exceptional drought,4
2013-06-11,D4,D4 Exceptional drought,3.92
2013-06-18,D4,D4 Exceptional drought,3.66
2013-06-25,D4,D4 Exceptional drought,3.65
2013-07-02,D4,D4 Exceptional drought,3.91
2013-07-09,D4,D4 Exceptional drought,3.9
2013-07-16,D4,D4 Exceptional drought,3.63
2013-07-23,D4,D4 Exceptional drought,3.2
2013-07-30,D4,D4 Exceptional drought,2.65
2013-08-06,D4,D4 Exceptional drought,2.32
2013-08-13,D4,D4 Exceptional drought,1.7
2013-08-20,D4,D4 Exceptional drought,1.1
2013-08-27,D4,D4 Exceptional drought,1.1
2013-09-03,D4,D4 Exceptional drought,1.05
2013-09-10,D4,D4 Exceptional drought,1.04
2013-09-17,D4,D4 Exceptional drought,0.36
2013-09-24,D4,D4 Exceptional drought,0.26
2013-10-01,D4,D4 Exceptional drought,0.24
2013-10-08,D4,D4 Exceptional drought,0.24
2013-10-15,D4,D4 Exceptional drought,0.24
2013-10-22,D4,D4 Exceptional drought,0.25
2013-10-29,D4,D4 Exceptional drought,0.25
2013-11-05,D4,D4 Exceptional drought,0.28
2013-11-12,D4,D4 Exceptional drought,0.28
2013-11-19,D4,D4 Exceptional drought,0.31
2013-11-26,D4,D4 Exceptional drought,0.32
2013-12-03,D4,D4 Exceptional drought,0.32
2013-12-10,D4,D4 Exceptional drought,0.32
2013-12-17,D4,D4 Exceptional drought,0.34
2013-12-24,D4,D4 Exceptional drought,0.31
2013-12-31,D4,D4 Exceptional drought,0.31
2014-01-07,D4,D4 Exceptional drought,0.31
2014-01-14,D4,D4 Exceptional drought,0.31
2014-01-21,D4,D4 Exceptional drought,0.31
2014-01-28,D4,D4 Exceptional drought,0.7
2014-02-04,D4,D4 Exceptional drought,0.74
2014-02-11,D4,D4 Exceptional drought,0.74
2014-02-18,D4,D4 Exceptional drought,0.95
2014-02-25,D4,D4 Exceptional drought,1.47
2014-03-04,D4,D4 Exceptional drought,1.32
2014-03-11,D4,D4 Exceptional drought,1.39
2014-03-18,D4,D4 Exceptional drought,1.37
2014-03-25,D4,D4 Exceptional drought,1.75
2014-04-01,D4,D4 Exceptional drought,1.82
2014-04-08,D4,D4 Exceptional drought,2.11
2014-04-15,D4,D4 Exceptional drought,2.36
2014-04-22,D4,D4 Exceptional drought,2.73
2014-04-29,D4,D4 Exceptional drought,3.24
2014-05-06,D4,D4 Exceptional drought,3.72
2014-05-13,D4,D4 Exceptional drought,3.73
2014-05-20,D4,D4 Exceptional drought,4.17
2014-05-27,D4,D4 Exceptional drought,2.8
2014-06-03,D4,D4 Exceptional drought,2.53
2014-06-10,D4,D4 Exceptional drought,2.24
2014-06-17,D4,D4 Exceptional drought,2.62
2014-06-24,D4,D4 Exceptional drought,2.43
2014-07-01,D4,D4 Exceptional drought,2.49
2014-07-08,D4,D4 Exceptional drought,2.45
2014-07-15,D4,D4 Exceptional drought,2.39
2014-07-22,D4,D4 Exceptional drought,2.33
2014-07-29,D4,D4 Exceptional drought,3.26
2014-08-05,D4,D4 Exceptional drought,3.21
2014-08-12,D4,D4 Exceptional drought,3.17
2014-08-19,D4,D4 Exceptional drought,3.18
2014-08-26,D4,D4 Exceptional drought,3.18
2014-09-02,D4,D4 Exceptional drought,3.18
2014-09-09,D4,D4 Exceptional drought,3.09
2014-09-16,D4,D4 Exceptional drought,3.11
2014-09-23,D4,D4 Exceptional drought,3.11
2014-09-30,D4,D4 Exceptional drought,3.22
2014-10-07,D4,D4 Exceptional drought,3.24
2014-10-14,D4,D4 Exceptional drought,3.24
2014-10-21,D4,D4 Exceptional drought,3.24
2014-10-28,D4,D4 Exceptional drought,3.33
2014-11-04,D4,D4 Exceptional drought,3.18
2014-11-11,D4,D4 Exceptional drought,3.17
2014-11-18,D4,D4 Exceptional drought,3.17
2014-11-25,D4,D4 Exceptional drought,3.07
2014-12-02,D4,D4 Exceptional drought,3.07
2014-12-09,D4,D4 Exceptional drought,3.09
2014-12-16,D4,D4 Exceptional drought,2.08
2014-12-23,D4,D4 Exceptional drought,2.11
2014-12-30,D4,D4 Exceptional drought,2.12
2015-01-06,D4,D4 Exceptional drought,2.07
2015-01-13,D4,D4 Exceptional drought,2.42
2015-01-20,D4,D4 Exceptional drought,2.43
2015-01-27,D4,D4 Exceptional drought,2.63
2015-02-03,D4,D4 Exceptional drought,2.61
2015-02-10,D4,D4 Exceptional drought,2.73
2015-02-17,D4,D4 Exceptional drought,2.81
2015-02-24,D4,D4 Exceptional drought,2.76
2015-03-03,D4,D4 Exceptional drought,2.68
2015-03-10,D4,D4 Exceptional drought,2.65
2015-03-17,D4,D4 Exceptional drought,2.65
2015-03-24,D4,D4 Exceptional drought,2.79
2015-03-31,D4,D4 Exceptional drought,2.79
2015-04-07,D4,D4 Exceptional drought,3.03
2015-04-14,D4,D4 Exceptional drought,2.97
2015-04-21,D4,D4 Exceptional drought,2.97
2015-04-28,D4,D4 Exceptional drought,2.85
2015-05-05,D4,D4 Exceptional drought,2.83
2015-05-12,D4,D4 Exceptional drought,2.62
2015-05-19,D4,D4 Exceptional drought,2.62
2015-05-26,D4,D4 Exceptional drought,2.62
2015-06-02,D4,D4 Exceptional drought,2.62
2015-06-09,D4,D4 Exceptional drought,2.56
2015-06-16,D4,D4 Exceptional drought,2.39
2015-06-23,D4,D4 Exceptional drought,2.39
2015-06-30,D4,D4 Exceptional drought,2.39
2015-07-07,D4,D4 Exceptional drought,2.39
2015-07-14,D4,D4 Exceptional drought,2.36
2015-07-21,D4,D4 Exceptional drought,2.36
2015-07-28,D4,D4 Exceptional drought,2.36
2015-08-04,D4,D4 Exceptional drought,2.36
2015-08-11,D4,D4 Exceptional drought,2.51
2015-08-18,D4,D4 Exceptional drought,2.51
2015-08-25,D4,D4 Exceptional drought,2.51
2015-09-01,D4,D4 Exceptional drought,2.51
2015-09-08,D4,D4 Exceptional drought,2.51
2015-09-15,D4,D4 Exceptional drought,2.51
2015-09-22,D4,D4 Exceptional drought,2.51
2015-09-29,D4,D4 Exceptional drought,2.51
2015-10-06,D4,D4 Exceptional drought,2.56
2015-10-13,D4,D4 Exceptional drought,2.73
2015-10-20,D4,D4 Exceptional drought,3.14
2015-10-27,D4,D4 Exceptional drought,2.51
2015-11-03,D4,D4 Exceptional drought,2.27
2015-11-10,D4,D4 Exceptional drought,2.26
2015-11-17,D4,D4 Exceptional drought,2.26
2015-11-24,D4,D4 Exceptional drought,2.26
2015-12-01,D4,D4 Exceptional drought,2.26
2015-12-08,D4,D4 Exceptional drought,2.26
2015-12-15,D4,D4 Exceptional drought,2.26
2015-12-22,D4,D4 Exceptional drought,2.26
2015-12-29,D4,D4 Exceptional drought,2.26
2016-01-05,D4,D4 Exceptional drought,2.26
2016-01-12,D4,D4 Exceptional drought,2.16
2016-01-19,D4,D4 Exceptional drought,2.02
2016-01-26,D4,D4 Exceptional drought,1.91
2016-02-02,D4,D4 Exceptional drought,1.88
2016-02-09,D4,D4 Exceptional drought,1.83
2016-02-16,D4,D4 Exceptional drought,1.83
2016-02-23,D4,D4 Exceptional drought,1.83
2016-03-01,D4,D4 Exceptional drought,1.83
2016-03-08,D4,D4 Exceptional drought,1.83
2016-03-15,D4,D4 Exceptional drought,1.56
2016-03-22,D4,D4 Exceptional drought,1.56
2016-03-29,D4,D4 Exceptional drought,1.56
2016-04-05,D4,D4 Exceptional drought,1.43
2016-04-12,D4,D4 Exceptional drought,1.43
2016-04-19,D4,D4 Exceptional drought,0.92
2016-04-26,D4,D4 Exceptional drought,0.92
2016-05-03,D4,D4 Exceptional drought,0.92
2016-05-10,D4,D4 Exceptional drought,0.92
2016-05-17,D4,D4 Exceptional drought,0.92
2016-05-24,D4,D4 Exceptional drought,0.92
2016-05-31,D4,D4 Exceptional drought,0.92
2016-06-07,D4,D4 Exceptional drought,0.92
2016-06-14,D4,D4 Exceptional drought,0.92
2016-06-21,D4,D4 Exceptional drought,0.92
2016-06-28,D4,D4 Exceptional drought,0.92
2016-07-05,D4,D4 Exceptional drought,0.92
2016-07-12,D4,D4 Exceptional drought,0.92
2016-07-19,D4,D4 Exceptional drought,0.92
2016-07-26,D4,D4 Exceptional drought,0.92
2016-08-02,D4,D4 Exceptional drought,0.92
2016-08-09,D4,D4 Exceptional drought,0.92
2016-08-16,D4,D4 Exceptional drought,0.92
2016-08-23,D4,D4 Exceptional drought,0.92
2016-08-30,D4,D4 Exceptional drought,0.92
2016-09-06,D4,D4 Exceptional drought,0.92
2016-09-13,D4,D4 Exceptional drought,0.92
2016-09-20,D4,D4 Exceptional drought,0.92
2016-09-27,D4,D4 Exceptional drought,0.97
2016-10-04,D4,D4 Exceptional drought,0.98
2016-10-11,D4,D4 Exceptional drought,1.05
2016-10-18,D4,D4 Exceptional drought,1.09
2016-10-25,D4,D4 Exceptional drought,1.29
2016-11-01,D4,D4 Exceptional drought,1.43
2016-11-08,D4,D4 Exceptional drought,1.59
2016-11-15,D4,D4 Exceptional drought,1.97
2016-11-22,D4,D4 Exceptional drought,2.28
2016-11-29,D4,D4 Exceptional drought,2.24
2016-12-06,D4,D4 Exceptional drought,1.66
2016-12-13,D4,D4 Exceptional drought,1.66
2016-12-20,D4,D4 Exceptional drought,1.58
2016-12-27,D4,D4 Exceptional drought,1.51
2017-01-03,D4,D4 Exceptional drought,0.8
2017-01-10,D4,D4 Exceptional drought,0.09
2017-01-17,D4,D4 Exceptional drought,0.09
2017-01-24,D4,D4 Exceptional drought,0
2017-01-31,D4,D4 Exceptional drought,0
2017-02-07,D4,D4 Exceptional drought,0
2017-02-14,D4,D4 Exceptional drought,0
2017-02-21,D4,D4 Exceptional drought,0
2017-02-28,D4,D4 Exceptional drought,0
2017-03-07,D4,D4 Exceptional drought,0
2017-03-14,D4,D4 Exceptional drought,0
2017-03-21,D4,D4 Exceptional drought,0
2017-03-28,D4,D4 Exceptional drought,0
2017-04-04,D4,D4 Exceptional drought,0
2017-04-11,D4,D4 Exceptional drought,0
2017-04-18,D4,D4 Exceptional drought,0
2017-04-25,D4,D4 Exceptional drought,0
2017-05-02,D4,D4 Exceptional drought,0
2017-05-09,D4,D4 Exceptional drought,0
2017-05-16,D4,D4 Exceptional drought,0
2017-05-23,D4,D4 Exceptional drought,0
2017-05-30,D4,D4 Exceptional drought,0
2017-06-06,D4,D4 Exceptional drought,0
2017-06-13,D4,D4 Exceptional drought,0
2017-06-20,D4,D4 Exceptional drought,0
2017-06-27,D4,D4 Exceptional drought,0
2017-07-04,D4,D4 Exceptional drought,0
2017-07-11,D4,D4 Exceptional drought,0
2017-07-18,D4,D4 Exceptional drought,0.19
2017-07-25,D4,D4 Exceptional drought,0.63
2017-08-01,D4,D4 Exceptional drought,0.63
2017-08-08,D4,D4 Exceptional drought,0.63
2017-08-15,D4,D4 Exceptional drought,0.59
2017-08-22,D4,D4 Exceptional drought,0.49
2017-08-29,D4,D4 Exceptional drought,1.01
2017-09-05,D4,D4 Exceptional drought,1.07
2017-09-12,D4,D4 Exceptional drought,1.07
2017-09-19,D4,D4 Exceptional drought,0.72
2017-09-26,D4,D4 Exceptional drought,0.72
2017-10-03,D4,D4 Exceptional drought,0.42
2017-10-10,D4,D4 Exceptional drought,0.22
2017-10-17,D4,D4 Exceptional drought,0
2017-10-24,D4,D4 Exceptional drought,0
2017-10-31,D4,D4 Exceptional drought,0
2017-11-07,D4,D4 Exceptional drought,0
2017-11-14,D4,D4 Exceptional drought,0
2017-11-21,D4,D4 Exceptional drought,0
2017-11-28,D4,D4 Exceptional drought,0
2017-12-05,D4,D4 Exceptional drought,0
2017-12-12,D4,D4 Exceptional drought,0
2017-12-19,D4,D4 Exceptional drought,0
2017-12-26,D4,D4 Exceptional drought,0
2018-01-02,D4,D4 Exceptional drought,0
2018-01-09,D4,D4 Exceptional drought,0
2018-01-16,D4,D4 Exceptional drought,0
2018-01-23,D4,D4 Exceptional drought,0
2018-01-30,D4,D4 Exceptional drought,0
2018-02-06,D4,D4 Exceptional drought,0
2018-02-13,D4,D4 Exceptional drought,0
2018-02-20,D4,D4 Exceptional drought,0
2018-02-27,D4,D4 Exceptional drought,0
2018-03-06,D4,D4 Exceptional drought,0.1
2018-03-13,D4,D4 Exceptional drought,0.17
2018-03-20,D4,D4 Exceptional drought,0.17
2018-03-27,D4,D4 Exceptional drought,0.46
2018-04-03,D4,D4 Exceptional drought,0.5
2018-04-10,D4,D4 Exceptional drought,1.1
2018-04-17,D4,D4 Exceptional drought,1.43
2018-04-24,D4,D4 Exceptional drought,1.64
2018-05-01,D4,D4 Exceptional drought,1.84
2018-05-08,D4,D4 Exceptional drought,1.93
2018-05-15,D4,D4 Exceptional drought,2.07
2018-05-22,D4,D4 Exceptional drought,2
2018-05-29,D4,D4 Exceptional drought,1.75
2018-06-05,D4,D4 Exceptional drought,1.71
2018-06-12,D4,D4 Exceptional drought,1.65
2018-06-19,D4,D4 Exceptional drought,1.53
2018-06-26,D4,D4 Exceptional drought,1.54
2018-07-03,D4,D4 Exceptional drought,1.57
2018-07-10,D4,D4 Exceptional drought,1.58
2018-07-17,D4,D4 Exceptional drought,1.57
2018-07-24,D4,D4 Exceptional drought,1.35
2018-07-31,D4,D4 Exceptional drought,1.35
2018-08-07,D4,D4 Exceptional drought,1.35
2018-08-14,D4,D4 Exceptional drought,1.42
2018-08-21,D4,D4 Exceptional drought,1.34
2018-08-28,D4,D4 Exceptional drought,1.3
2018-09-04,D4,D4 Exceptional drought,1.24
2018-09-11,D4,D4 Exceptional drought,1.23
2018-09-18,D4,D4 Exceptional drought,1.32
2018-09-25,D4,D4 Exceptional drought,1.45
2018-10-02,D4,D4 Exceptional drought,1.45
2018-10-09,D4,D4 Exceptional drought,1.21
2018-10-16,D4,D4 Exceptional drought,1.13
2018-10-23,D4,D4 Exceptional drought,1.13
2018-10-30,D4,D4 Exceptional drought,1.13
2018-11-06,D4,D4 Exceptional drought,1.12
2018-11-13,D4,D4 Exceptional drought,1.1
2018-11-20,D4,D4 Exceptional drought,1.1
2018-11-27,D4,D4 Exceptional drought,1.1
2018-12-04,D4,D4 Exceptional drought,0.98
2018-12-11,D4,D4 Exceptional drought,0.98
2018-12-18,D4,D4 Exceptional drought,0.96
2018-12-25,D4,D4 Exceptional drought,0.96
2019-01-01,D4,D4 Exceptional drought,0.95
2019-01-08,D4,D4 Exceptional drought,0.93
2019-01-15,D4,D4 Exceptional drought,0.93
2019-01-22,D4,D4 Exceptional drought,0.13
2019-01-29,D4,D4 Exceptional drought,0.13
2019-02-05,D4,D4 Exceptional drought,0.14
2019-02-12,D4,D4 Exceptional drought,0.05
2019-02-19,D4,D4 Exceptional drought,0.05
2019-02-26,D4,D4 Exceptional drought,0.03
2019-03-05,D4,D4 Exceptional drought,0.03
2019-03-12,D4,D4 Exceptional drought,0.03
2019-03-19,D4,D4 Exceptional drought,0
2019-03-26,D4,D4 Exceptional drought,0
2019-04-02,D4,D4 Exceptional drought,0
2019-04-09,D4,D4 Exceptional drought,0
2019-04-16,D4,D4 Exceptional drought,0
2019-04-23,D4,D4 Exceptional drought,0
2019-04-30,D4,D4 Exceptional drought,0
2019-05-07,D4,D4 Exceptional drought,0
2019-05-14,D4,D4 Exceptional drought,0
2019-05-21,D4,D4 Exceptional drought,0
2019-05-28,D4,D4 Exceptional drought,0
2019-06-04,D4,D4 Exceptional drought,0
2019-06-11,D4,D4 Exceptional drought,0
2019-06-18,D4,D4 Exceptional drought,0
2019-06-25,D4,D4 Exceptional drought,0
2019-07-02,D4,D4 Exceptional drought,0
2019-07-09,D4,D4 Exceptional drought,0
2019-07-16,D4,D4 Exceptional drought,0
2019-07-23,D4,D4 Exceptional drought,0
2019-07-30,D4,D4 Exceptional drought,0
2019-08-06,D4,D4 Exceptional drought,0
2019-08-13,D4,D4 Exceptional drought,0
2019-08-20,D4,D4 Exceptional drought,0
2019-08-27,D4,D4 Exceptional drought,0
2019-09-03,D4,D4 Exceptional drought,0
2019-09-10,D4,D4 Exceptional drought,0
2019-09-17,D4,D4 Exceptional drought,0
2019-09-24,D4,D4 Exceptional drought,0
2019-10-01,D4,D4 Exceptional drought,0
2019-10-08,D4,D4 Exceptional drought,0
2019-10-15,D4,D4 Exceptional drought,0
2019-10-22,D4,D4 Exceptional drought,0
2019-10-29,D4,D4 Exceptional drought,0
2019-11-05,D4,D4 Exceptional drought,0
2019-11-12,D4,D4 Exceptional drought,0
2019-11-19,D4,D4 Exceptional drought,0
2019-11-26,D4,D4 Exceptional drought,0
2019-12-03,D4,D4 Exceptional drought,0
2019-12-10,D4,D4 Exceptional drought,0
2019-12-17,D4,D4 Exceptional drought,0
2019-12-24,D4,D4 Exceptional drought,0
2019-12-31,D4,D4 Exceptional drought,0
2020-01-07,D4,D4 Exceptional drought,0
2020-01-14,D4,D4 Exceptional drought,0
2020-01-21,D4,D4 Exceptional drought,0
2020-01-28,D4,D4 Exceptional drought,0
2020-02-04,D4,D4 Exceptional drought,0
2020-02-11,D4,D4 Exceptional drought,0
2020-02-18,D4,D4 Exceptional drought,0
2020-02-25,D4,D4 Exceptional drought,0
2020-03-03,D4,D4 Exceptional drought,0
2020-03-10,D4,D4 Exceptional drought,0
2020-03-17,D4,D4 Exceptional drought,0.02
2020-03-24,D4,D4 Exceptional drought,0.03
2020-03-31,D4,D4 Exceptional drought,0.03
2020-04-07,D4,D4 Exceptional drought,0.01
2020-04-14,D4,D4 Exceptional drought,0.01
2020-04-21,D4,D4 Exceptional drought,0
2020-04-28,D4,D4 Exceptional drought,0
2020-05-05,D4,D4 Exceptional drought,0
2020-05-12,D4,D4 Exceptional drought,0
2020-05-19,D4,D4 Exceptional drought,0
2020-05-26,D4,D4 Exceptional drought,0
2020-06-02,D4,D4 Exceptional drought,0
2020-06-09,D4,D4 Exceptional drought,0
2020-06-16,D4,D4 Exceptional drought,0
2020-06-23,D4,D4 Exceptional drought,0
2020-06-30,D4,D4 Exceptional drought,0.06
2020-07-07,D4,D4 Exceptional drought,0
2020-07-14,D4,D4 Exceptional drought,0
2020-07-21,D4,D4 Exceptional drought,0
2020-07-28,D4,D4 Exceptional drought,0
2020-08-04,D4,D4 Exceptional drought,0
2020-08-11,D4,D4 Exceptional drought,0
2020-08-18,D4,D4 Exceptional drought,0.02
2020-08-25,D4,D4 Exceptional drought,0.07
2020-09-01,D4,D4 Exceptional drought,0.08
2020-09-08,D4,D4 Exceptional drought,0.14
2020-09-15,D4,D4 Exceptional drought,0.36
2020-09-22,D4,D4 Exceptional drought,0.48
2020-09-29,D4,D4 Exceptional drought,1
2020-10-06,D4,D4 Exceptional drought,1.73
2020-10-13,D4,D4 Exceptional drought,1.73
2020-10-20,D4,D4 Exceptional drought,2.36
2020-10-27,D4,D4 Exceptional drought,2.36
2020-11-03,D4,D4 Exceptional drought,2.38
2020-11-10,D4,D4 Exceptional drought,3.39
2020-11-17,D4,D4 Exceptional drought,4.72
2020-11-24,D4,D4 Exceptional drought,7.12
2020-12-01,D4,D4 Exceptional drought,8.24
2020-12-08,D4,D4 Exceptional drought,8.27
2020-12-15,D4,D4 Exceptional drought,8.26
2020-12-22,D4,D4 Exceptional drought,8.26
2020-12-29,D4,D4 Exceptional drought,8.26
2021-01-05,D4,D4 Exceptional drought,7.91
2021-01-12,D4,D4 Exceptional drought,7.73
2021-01-19,D4,D4 Exceptional drought,7.82
2021-01-26,D4,D4 Exceptional drought,7.49
2021-02-02,D4,D4 Exceptional drought,7.33
2021-02-09,D4,D4 Exceptional drought,7.35
2021-02-16,D4,D4 Exceptional drought,6.8
2021-02-23,D4,D4 Exceptional drought,7.05
2021-03-02,D4,D4 Exceptional drought,7.1
2021-03-09,D4,D4 Exceptional drought,7.17
2021-03-16,D4,D4 Exceptional drought,7.15
2021-03-23,D4,D4 Exceptional drought,7.3
2021-03-30,D4,D4 Exceptional drought,7.28
2021-04-06,D4,D4 Exceptional drought,7.45
2021-04-13,D4,D4 Exceptional drought,7.57
2021-04-20,D4,D4 Exceptional drought,7.6
2021-04-27,D4,D4 Exceptional drought,7.7
2021-05-04,D4,D4 Exceptional drought,7.56
2021-05-11,D4,D4 Exceptional drought,7.97
2021-05-18,D4,D4 Exceptional drought,8.11
2021-05-25,D4,D4 Exceptional drought,8.55
2021-06-01,D4,D4 Exceptional drought,8.16
2021-06-08,D4,D4 Exceptional drought,8.26
2021-06-15,D4,D4 Exceptional drought,8.26
2021-06-22,D4,D4 Exceptional drought,8.25
2021-06-29,D4,D4 Exceptional drought,8.11
2021-07-06,D4,D4 Exceptional drought,7.93
2021-07-13,D4,D4 Exceptional drought,8.25
2021-07-20,D4,D4 Exceptional drought,8.36
2021-07-27,D4,D4 Exceptional drought,7.39
2021-08-03,D4,D4 Exceptional drought,7.45
2021-08-10,D4,D4 Exceptional drought,7.57
2021-08-17,D4,D4 Exceptional drought,7.71
2021-08-24,D4,D4 Exceptional drought,6.99
2021-08-31,D4,D4 Exceptional drought,6.62
2021-09-07,D4,D4 Exceptional drought,6.36
2021-09-14,D4,D4 Exceptional drought,6.29
2021-09-21,D4,D4 Exceptional drought,6.03
2021-09-28,D4,D4 Exceptional drought,6.07
2021-10-05,D4,D4 Exceptional drought,5.91
2021-10-12,D4,D4 Exceptional drought,5.86
2021-10-19,D4,D4 Exceptional drought,5.58
2021-10-26,D4,D4 Exceptional drought,5.04
2021-11-02,D4,D4 Exceptional drought,4.8
2021-11-09,D4,D4 Exceptional drought,4.56
2021-11-16,D4,D4 Exceptional drought,4.46
2021-11-23,D4,D4 Exceptional drought,4.45
2021-11-30,D4,D4 Exceptional drought,4.45
2021-12-07,D4,D4 Exceptional drought,4.16
2021-12-14,D4,D4 Exceptional drought,3.81
2021-12-21,D4,D4 Exceptional drought,3.07
2021-12-28,D4,D4 Exceptional drought,1.59
2022-01-04,D4,D4 Exceptional drought,1.3
2022-01-11,D4,D4 Exceptional drought,1.03
2022-01-18,D4,D4 Exceptional drought,1
2022-01-25,D4,D4 Exceptional drought,1.1
2022-02-01,D4,D4 Exceptional drought,1.12
2022-02-08,D4,D4 Exceptional drought,1.12
2022-02-15,D4,D4 Exceptional drought,1.04
2022-02-22,D4,D4 Exceptional drought,1.03
2022-03-01,D4,D4 Exceptional drought,0.98
2022-03-08,D4,D4 Exceptional drought,1.7
2022-03-15,D4,D4 Exceptional drought,1.74
2022-03-22,D4,D4 Exceptional drought,1.47
2022-03-29,D4,D4 Exceptional drought,1.55
2022-04-05,D4,D4 Exceptional drought,1.78
2022-04-12,D4,D4 Exceptional drought,2.16
2022-04-19,D4,D4 Exceptional drought,2.36
2022-04-26,D4,D4 Exceptional drought,2.97
2022-05-03,D4,D4 Exceptional drought,3.48
2022-05-10,D4,D4 Exceptional drought,3.57
2022-05-17,D4,D4 Exceptional drought,4.82
2022-05-24,D4,D4 Exceptional drought,4.98
2022-05-31,D4,D4 Exceptional drought,4.61
2022-06-07,D4,D4 Exceptional drought,4.54
2022-06-14,D4,D4 Exceptional drought,4.67
2022-06-21,D4,D4 Exceptional drought,4.69
2022-06-28,D4,D4 Exceptional drought,3.23
2022-07-05,D4,D4 Exceptional drought,3.22
2022-07-12,D4,D4 Exceptional drought,3.9
2022-07-19,D4,D4 Exceptional drought,3.77
2022-07-26,D4,D4 Exceptional drought,3.71
2022-08-02,D4,D4 Exceptional drought,3.74
2022-08-09,D4,D4 Exceptional drought,3.6
2022-08-16,D4,D4 Exceptional drought,3.26
2022-08-23,D4,D4 Exceptional drought,2.17
2022-08-30,D4,D4 Exceptional drought,1.68
2022-09-06,D4,D4 Exceptional drought,1.45
2022-09-13,D4,D4 Exceptional drought,1.48
2022-09-20,D4,D4 Exceptional drought,1.87
2022-09-27,D4,D4 Exceptional drought,2.14
2022-10-04,D4,D4 Exceptional drought,2.24
2022-10-11,D4,D4 Exceptional drought,2.47
2022-10-18,D4,D4 Exceptional drought,2.55
2022-10-25,D4,D4 Exceptional drought,2.39
2022-11-01,D4,D4 Exceptional drought,2.48
2022-11-08,D4,D4 Exceptional drought,2.52
2022-11-15,D4,D4 Exceptional drought,2.37
2022-11-22,D4,D4 Exceptional drought,2.4
2022-11-29,D4,D4 Exceptional drought,2.33
2022-12-06,D4,D4 Exceptional drought,2.36
2022-12-13,D4,D4 Exceptional drought,1.97
2022-12-20,D4,D4 Exceptional drought,1.96
2022-12-27,D4,D4 Exceptional drought,1.96
2023-01-03,D4,D4 Exceptional drought,1.55
2023-01-10,D4,D4 Exceptional drought,1.5
2023-01-17,D4,D4 Exceptional drought,1.5
2023-01-24,D4,D4 Exceptional drought,1.48
2023-01-31,D4,D4 Exceptional drought,1.45
2023-02-07,D4,D4 Exceptional drought,1.48
2023-02-14,D4,D4 Exceptional drought,1.42
2023-02-21,D4,D4 Exceptional drought,1.37
2023-02-28,D4,D4 Exceptional drought,1.29
2023-03-07,D4,D4 Exceptional drought,1.27
2023-03-14,D4,D4 Exceptional drought,1.3
2023-03-21,D4,D4 Exceptional drought,1.45
2023-03-28,D4,D4 Exceptional drought,1.53
2023-04-04,D4,D4 Exceptional drought,1.6
2023-04-11,D4,D4 Exceptional drought,1.75
2023-04-18,D4,D4 Exceptional drought,1.87
2023-04-25,D4,D4 Exceptional drought,1.88
2023-05-02,D4,D4 Exceptional drought,1.51
2023-05-09,D4,D4 Exceptional drought,1.49
2023-05-16,D4,D4 Exceptional drought,1.22
2023-05-23,D4,D4 Exceptional drought,1.11
2023-05-30,D4,D4 Exceptional drought,1.04
2023-06-06,D4,D4 Exceptional drought,0.66
2023-06-13,D4,D4 Exceptional drought,0.6
2023-06-20,D4,D4 Exceptional drought,0.47
2023-06-27,D4,D4 Exceptional drought,0.49
2023-07-04,D4,D4 Exceptional drought,0.45
2023-07-11,D4,D4 Exceptional drought,0.33
2023-07-18,D4,D4 Exceptional drought,0.29
2023-07-25,D4,D4 Exceptional drought,0.22
2023-08-01,D4,D4 Exceptional drought,0.22
2023-08-08,D4,D4 Exceptional drought,0.19
2023-08-15,D4,D4 Exceptional drought,0.18
2023-08-22,D4,D4 Exceptional drought,1
2023-08-29,D4,D4 Exceptional drought,1.28
2023-09-05,D4,D4 Exceptional drought,1.65
2023-09-12,D4,D4 Exceptional drought,1.98
2023-09-19,D4,D4 Exceptional drought,2.52
2023-09-26,D4,D4 Exceptional drought,2.35
2023-10-03,D4,D4 Exceptional drought,2.45
2023-10-10,D4,D4 Exceptional drought,2.11
2023-10-17,D4,D4 Exceptional drought,2.1
2023-10-24,D4,D4 Exceptional drought,2.19
2023-10-31,D4,D4 Exceptional drought,1.82
2023-11-07,D4,D4 Exceptional drought,2.1
2023-11-14,D4,D4 Exceptional drought,2.31
2023-11-21,D4,D4 Exceptional drought,2.06
2023-11-28,D4,D4 Exceptional drought,1.78
2023-12-05,D4,D4 Exceptional drought,1.02
2023-12-12,D4,D4 Exceptional drought,0.91
2023-12-19,D4,D4 Exceptional drought,0.93
2023-12-26,D4,D4 Exceptional drought,0.97
